@timestamp,system.memory.used.pct
2018-01-01 00:00:00,0.9659
2018-01-01 00:00:10,0.966
2018-01-01 00:00:20,0.9675
2018-01-01 00:00:30,0.9678
2018-01-01 00:00:40,0.9678
2018-01-01 00:00:50,0.9682
2018-01-01 00:01:00,0.9685
2018-01-01 00:01:10,0.9685
2018-01-01 00:01:20,0.9686
2018-01-01 00:01:30,0.9689
2018-01-01 00:01:40,0.9689
2018-01-01 00:01:50,0.9691
2018-01-01 00:02:00,0.9692
2018-01-01 00:02:10,0.9692
2018-01-01 00:02:20,0.9695
2018-01-01 00:02:30,0.9698
2018-01-01 00:02:40,0.9698
2018-01-01 00:02:50,0.9699
2018-01-01 00:03:00,0.9702
2018-01-01 00:03:10,0.9702
2018-01-01 00:03:20,0.9704
2018-01-01 00:03:30,0.9706
2018-01-01 00:03:40,0.9706
2018-01-01 00:03:50,0.9708
2018-01-01 00:04:00,0.9709
2018-01-01 00:04:10,0.9709
2018-01-01 00:04:20,0.9713
2018-01-01 00:04:30,0.9714
2018-01-01 00:04:40,0.9714
2018-01-01 00:04:50,0.9718
2018-01-01 00:05:00,0.972
2018-01-01 00:05:10,0.9722
2018-01-01 00:05:20,0.9725
2018-01-01 00:05:30,0.9727
2018-01-01 00:05:40,0.9727
2018-01-01 00:05:50,0.9698
2018-01-01 00:06:00,0.9673
2018-01-01 00:06:10,0.9673
2018-01-01 00:06:20,0.9726
2018-01-01 00:06:30,0.9729
2018-01-01 00:06:40,0.973
2018-01-01 00:06:50,0.9702
2018-01-01 00:07:00,0.9709
2018-01-01 00:07:10,0.971
2018-01-01 00:07:20,0.9711
2018-01-01 00:07:30,0.9717
2018-01-01 00:07:40,0.9719
2018-01-01 00:07:50,0.9722
2018-01-01 00:08:00,0.9732
2018-01-01 00:08:10,0.9734
2018-01-01 00:08:20,0.9741
2018-01-01 00:08:30,0.9696
2018-01-01 00:08:40,0.9704
2018-01-01 00:08:50,0.9706
2018-01-01 00:09:00,0.9708
2018-01-01 00:09:10,0.9708
2018-01-01 00:09:20,0.9711
2018-01-01 00:09:30,0.9714
2018-01-01 00:09:40,0.9681
2018-01-01 00:09:50,0.9681
2018-01-01 00:10:00,0.9606
2018-01-01 00:10:10,0.9606
2018-01-01 00:10:20,0.9607
2018-01-01 00:10:30,0.9608
2018-01-01 00:10:40,0.9609
2018-01-01 00:10:50,0.9611
2018-01-01 00:11:00,0.9613
2018-01-01 00:11:10,0.9613
2018-01-01 00:11:20,0.9618
2018-01-01 00:11:30,0.9619
2018-01-01 00:11:40,0.9619
2018-01-01 00:11:50,0.962
2018-01-01 00:12:00,0.9622
2018-01-01 00:12:10,0.9622
2018-01-01 00:12:20,0.9623
2018-01-01 00:12:30,0.9626
2018-01-01 00:12:40,0.9626
2018-01-01 00:12:50,0.9629
2018-01-01 00:13:00,0.9632
2018-01-01 00:13:10,0.9632
2018-01-01 00:13:20,0.9636
2018-01-01 00:13:30,0.9638
2018-01-01 00:13:40,0.9639
2018-01-01 00:13:50,0.9643
2018-01-01 00:14:00,0.9644
2018-01-01 00:14:10,0.9643
2018-01-01 00:14:20,0.9648
2018-01-01 00:14:30,0.9651
2018-01-01 00:14:40,0.9651
2018-01-01 00:14:50,0.9657
2018-01-01 00:15:00,0.966
2018-01-01 00:15:10,0.966
2018-01-01 00:15:20,0.9665
2018-01-01 00:15:30,0.9667
2018-01-01 00:15:40,0.9667
2018-01-01 00:15:50,0.967
2018-01-01 00:16:00,0.9676
2018-01-01 00:16:10,0.9676
2018-01-01 00:16:20,0.9678
2018-01-01 00:16:30,0.9695
2018-01-01 00:16:40,0.9695
2018-01-01 00:16:50,0.9697
2018-01-01 00:17:00,0.9699
2018-01-01 00:17:10,0.97
2018-01-01 00:17:20,0.9702
2018-01-01 00:17:30,0.9705
2018-01-01 00:17:40,0.9704
2018-01-01 00:17:50,0.9707
2018-01-01 00:18:00,0.9738
2018-01-01 00:18:10,0.9709
2018-01-01 00:18:20,0.9712
2018-01-01 00:18:30,0.9714
2018-01-01 00:18:40,0.9714
2018-01-01 00:18:50,0.9717
2018-01-01 00:19:00,0.9717
2018-01-01 00:19:10,0.9717
2018-01-01 00:19:20,0.972
2018-01-01 00:19:30,0.9721
2018-01-01 00:19:40,0.9723
2018-01-01 00:19:50,0.9725
2018-01-01 00:20:00,0.9726
2018-01-01 00:20:10,0.9727
2018-01-01 00:20:20,0.9729
2018-01-01 00:20:30,0.9733
2018-01-01 00:20:40,0.9732
2018-01-01 00:20:50,0.9735
2018-01-01 00:21:00,0.9736
2018-01-01 00:21:10,0.9737
2018-01-01 00:21:20,0.974
2018-01-01 00:21:30,0.9684
2018-01-01 00:21:40,0.9653
2018-01-01 00:21:50,0.9673
2018-01-01 00:22:00,0.971
2018-01-01 00:22:10,0.9698
2018-01-01 00:22:20,0.9698
2018-01-01 00:22:30,0.97
2018-01-01 00:22:40,0.9703
2018-01-01 00:22:50,0.9738
2018-01-01 00:23:00,0.9725
2018-01-01 00:23:10,0.9724
2018-01-01 00:23:20,0.9727
2018-01-01 00:23:30,0.9733
2018-01-01 00:23:40,0.9733
2018-01-01 00:23:50,0.9741
2018-01-01 00:24:00,0.9739
2018-01-01 00:24:10,0.974
2018-01-01 00:24:20,0.9742
2018-01-01 00:24:30,0.9721
2018-01-01 00:24:40,0.9724
2018-01-01 00:24:50,0.9726
2018-01-01 00:25:00,0.9728
2018-01-01 00:25:10,0.9729
2018-01-01 00:25:20,0.9732
2018-01-01 00:25:30,0.9734
2018-01-01 00:25:40,0.9674
2018-01-01 00:25:50,0.9715
2018-01-01 00:26:00,0.9715
2018-01-01 00:26:10,0.964
2018-01-01 00:26:20,0.964
2018-01-01 00:26:30,0.9641
2018-01-01 00:26:40,0.9642
2018-01-01 00:26:50,0.9645
2018-01-01 00:27:00,0.9646
2018-01-01 00:27:10,0.9646
2018-01-01 00:27:20,0.9649
2018-01-01 00:27:30,0.9652
2018-01-01 00:27:40,0.9652
2018-01-01 00:27:50,0.9655
2018-01-01 00:28:00,0.9657
2018-01-01 00:28:10,0.9656
2018-01-01 00:28:20,0.9659
2018-01-01 00:28:30,0.9661
2018-01-01 00:28:40,0.9662
2018-01-01 00:28:50,0.9665
2018-01-01 00:29:00,0.9666
2018-01-01 00:29:10,0.9666
2018-01-01 00:29:20,0.9669
2018-01-01 00:29:30,0.9673
2018-01-01 00:29:40,0.9674
2018-01-01 00:29:50,0.9677
2018-01-01 00:30:00,0.9712
2018-01-01 00:30:10,0.9679
2018-01-01 00:30:20,0.9683
2018-01-01 00:30:30,0.9684
2018-01-01 00:30:40,0.9684
2018-01-01 00:30:50,0.9686
2018-01-01 00:31:00,0.969
2018-01-01 00:31:10,0.9693
2018-01-01 00:31:20,0.9695
2018-01-01 00:31:30,0.9698
2018-01-01 00:31:40,0.9705
2018-01-01 00:31:50,0.9707
2018-01-01 00:32:00,0.9709
2018-01-01 00:32:10,0.9722
2018-01-01 00:32:20,0.9725
2018-01-01 00:32:30,0.9726
2018-01-01 00:32:40,0.9728
2018-01-01 00:32:50,0.973
2018-01-01 00:33:00,0.9732
2018-01-01 00:33:10,0.9732
2018-01-01 00:33:20,0.9735
2018-01-01 00:33:30,0.9738
2018-01-01 00:33:40,0.9737
2018-01-01 00:33:50,0.9737
2018-01-01 00:34:00,0.9697
2018-01-01 00:34:10,0.9661
2018-01-01 00:34:20,0.9663
2018-01-01 00:34:30,0.9666
2018-01-01 00:34:40,0.9691
2018-01-01 00:34:50,0.9692
2018-01-01 00:35:00,0.9694
2018-01-01 00:35:10,0.9694
2018-01-01 00:35:20,0.9697
2018-01-01 00:35:30,0.97
2018-01-01 00:35:40,0.9529
2018-01-01 00:35:50,0.9531
2018-01-01 00:36:00,0.9542
2018-01-01 00:36:10,0.9542
2018-01-01 00:36:20,0.9542
2018-01-01 00:36:30,0.9544
2018-01-01 00:36:40,0.9543
2018-01-01 00:36:50,0.9545
2018-01-01 00:37:00,0.9545
2018-01-01 00:37:10,0.9546
2018-01-01 00:37:20,0.9603
2018-01-01 00:37:30,0.9616
2018-01-01 00:37:40,0.9617
2018-01-01 00:37:50,0.962
2018-01-01 00:38:00,0.9624
2018-01-01 00:38:10,0.9623
2018-01-01 00:38:20,0.9625
2018-01-01 00:38:30,0.9622
2018-01-01 00:38:40,0.9623
2018-01-01 00:38:50,0.9632
2018-01-01 00:39:00,0.9645
2018-01-01 00:39:10,0.9645
2018-01-01 00:39:20,0.9648
2018-01-01 00:39:30,0.965
2018-01-01 00:39:40,0.9651
2018-01-01 00:39:50,0.9661
2018-01-01 00:40:00,0.9667
2018-01-01 00:40:10,0.9667
2018-01-01 00:40:20,0.9668
2018-01-01 00:40:30,0.967
2018-01-01 00:40:40,0.9672
2018-01-01 00:40:50,0.9672
2018-01-01 00:41:00,0.9673
2018-01-01 00:41:10,0.9673
2018-01-01 00:41:20,0.9652
2018-01-01 00:41:30,0.9653
2018-01-01 00:41:40,0.9627
2018-01-01 00:41:50,0.9627
2018-01-01 00:42:00,0.9596
2018-01-01 00:42:10,0.9596
2018-01-01 00:42:20,0.9597
2018-01-01 00:42:30,0.9598
2018-01-01 00:42:40,0.9598
2018-01-01 00:42:50,0.96
2018-01-01 00:43:00,0.9602
2018-01-01 00:43:10,0.9603
2018-01-01 00:43:20,0.9605
2018-01-01 00:43:30,0.9606
2018-01-01 00:43:40,0.9606
2018-01-01 00:43:50,0.9608
2018-01-01 00:44:00,0.9609
2018-01-01 00:44:10,0.9609
2018-01-01 00:44:20,0.9611
2018-01-01 00:44:30,0.9613
2018-01-01 00:44:40,0.9612
2018-01-01 00:44:50,0.9616
2018-01-01 00:45:00,0.9617
2018-01-01 00:45:10,0.9617
2018-01-01 00:45:20,0.9619
2018-01-01 00:45:30,0.962
2018-01-01 00:45:40,0.9621
2018-01-01 00:45:50,0.9623
2018-01-01 00:46:00,0.9624
2018-01-01 00:46:10,0.9624
2018-01-01 00:46:20,0.9625
2018-01-01 00:46:30,0.9626
2018-01-01 00:46:40,0.9626
2018-01-01 00:46:50,0.9629
2018-01-01 00:47:00,0.9632
2018-01-01 00:47:10,0.9631
2018-01-01 00:47:20,0.9633
2018-01-01 00:47:30,0.9635
2018-01-01 00:47:40,0.9635
2018-01-01 00:47:50,0.9636
2018-01-01 00:48:00,0.9636
2018-01-01 00:48:10,0.9636
2018-01-01 00:48:20,0.9641
2018-01-01 00:48:30,0.964
2018-01-01 00:48:40,0.964
2018-01-01 00:48:50,0.9642
2018-01-01 00:49:00,0.9643
2018-01-01 00:49:10,0.9643
2018-01-01 00:49:20,0.9645
2018-01-01 00:49:30,0.9648
2018-01-01 00:49:40,0.9648
2018-01-01 00:49:50,0.965
2018-01-01 00:50:00,0.9652
2018-01-01 00:50:10,0.9651
2018-01-01 00:50:20,0.9652
2018-01-01 00:50:30,0.9654
2018-01-01 00:50:40,0.9653
2018-01-01 00:50:50,0.9657
2018-01-01 00:51:00,0.966
2018-01-01 00:51:10,0.9659
2018-01-01 00:51:20,0.967
2018-01-01 00:51:30,0.9671
2018-01-01 00:51:40,0.9671
2018-01-01 00:51:50,0.9673
2018-01-01 00:52:00,0.9677
2018-01-01 00:52:10,0.9677
2018-01-01 00:52:20,0.9678
2018-01-01 00:52:30,0.968
2018-01-01 00:52:40,0.9679
2018-01-01 00:52:50,0.9724
2018-01-01 00:53:00,0.9701
2018-01-01 00:53:10,0.9701
2018-01-01 00:53:20,0.9702
2018-01-01 00:53:30,0.9705
2018-01-01 00:53:40,0.9705
2018-01-01 00:53:50,0.9707
2018-01-01 00:54:00,0.9708
2018-01-01 00:54:10,0.9696
2018-01-01 00:54:20,0.9696
2018-01-01 00:54:30,0.9697
2018-01-01 00:54:40,0.9697
2018-01-01 00:54:50,0.9703
2018-01-01 00:55:00,0.9709
2018-01-01 00:55:10,0.9712
2018-01-01 00:55:20,0.9714
2018-01-01 00:55:30,0.9718
2018-01-01 00:55:40,0.9719
2018-01-01 00:55:50,0.9721
2018-01-01 00:56:00,0.9722
2018-01-01 00:56:10,0.9721
2018-01-01 00:56:20,0.9726
2018-01-01 00:56:30,0.973
2018-01-01 00:56:40,0.9736
2018-01-01 00:56:50,0.9738
2018-01-01 00:57:00,0.974
2018-01-01 00:57:10,0.974
2018-01-01 00:57:20,0.9696
2018-01-01 00:57:30,0.9698
2018-01-01 00:57:40,0.9635
2018-01-01 00:57:50,0.9636
2018-01-01 00:58:00,0.9636
2018-01-01 00:58:10,0.9631
2018-01-01 00:58:20,0.9634
2018-01-01 00:58:30,0.9635
2018-01-01 00:58:40,0.9634
2018-01-01 00:58:50,0.9636
2018-01-01 00:59:00,0.9635
2018-01-01 00:59:10,0.9636
2018-01-01 00:59:20,0.9638
2018-01-01 00:59:30,0.9639
2018-01-01 00:59:40,0.9639
2018-01-01 00:59:50,0.9642
2018-01-01 01:00:00,0.9644
2018-01-01 01:00:10,0.9644
2018-01-01 01:00:20,0.9646
2018-01-01 01:00:30,0.9647
2018-01-01 01:00:40,0.9647
2018-01-01 01:00:50,0.965
2018-01-01 01:01:00,0.9651
2018-01-01 01:01:10,0.9651
2018-01-01 01:01:20,0.9654
2018-01-01 01:01:30,0.9655
2018-01-01 01:01:40,0.9654
2018-01-01 01:01:50,0.9657
2018-01-01 01:02:00,0.9659
2018-01-01 01:02:10,0.9659
2018-01-01 01:02:20,0.9661
2018-01-01 01:02:30,0.9662
2018-01-01 01:02:40,0.9661
2018-01-01 01:02:50,0.9665
2018-01-01 01:03:00,0.9666
2018-01-01 01:03:10,0.9665
2018-01-01 01:03:20,0.9668
2018-01-01 01:03:30,0.9668
2018-01-01 01:03:40,0.9668
2018-01-01 01:03:50,0.967
2018-01-01 01:04:00,0.9672
2018-01-01 01:04:10,0.9672
2018-01-01 01:04:20,0.9674
2018-01-01 01:04:30,0.9677
2018-01-01 01:04:40,0.9677
2018-01-01 01:04:50,0.9679
2018-01-01 01:05:00,0.968
2018-01-01 01:05:10,0.968
2018-01-01 01:05:20,0.9684
2018-01-01 01:05:30,0.9684
2018-01-01 01:05:40,0.9684
2018-01-01 01:05:50,0.9687
2018-01-01 01:06:00,0.9689
2018-01-01 01:06:10,0.9689
2018-01-01 01:06:20,0.969
2018-01-01 01:06:30,0.9692
2018-01-01 01:06:40,0.9692
2018-01-01 01:06:50,0.9694
2018-01-01 01:07:00,0.9705
2018-01-01 01:07:10,0.9675
2018-01-01 01:07:20,0.9676
2018-01-01 01:07:30,0.9678
2018-01-01 01:07:40,0.9679
2018-01-01 01:07:50,0.9681
2018-01-01 01:08:00,0.9681
2018-01-01 01:08:10,0.9681
2018-01-01 01:08:20,0.9717
2018-01-01 01:08:30,0.9719
2018-01-01 01:08:40,0.9719
2018-01-01 01:08:50,0.9729
2018-01-01 01:09:00,0.9643
2018-01-01 01:09:10,0.9643
2018-01-01 01:09:20,0.9644
2018-01-01 01:09:30,0.9646
2018-01-01 01:09:40,0.9647
2018-01-01 01:09:50,0.9649
2018-01-01 01:10:00,0.9665
2018-01-01 01:10:10,0.9666
2018-01-01 01:10:20,0.9668
2018-01-01 01:10:30,0.9639
2018-01-01 01:10:40,0.9639
2018-01-01 01:10:50,0.9664
2018-01-01 01:11:00,0.9701
2018-01-01 01:11:10,0.9702
2018-01-01 01:11:20,0.9704
2018-01-01 01:11:30,0.9716
2018-01-01 01:11:40,0.9717
2018-01-01 01:11:50,0.9718
2018-01-01 01:12:00,0.972
2018-01-01 01:12:10,0.9717
2018-01-01 01:12:20,0.9717
2018-01-01 01:12:30,0.9718
2018-01-01 01:12:40,0.9719
2018-01-01 01:12:50,0.9721
2018-01-01 01:13:00,0.9722
2018-01-01 01:13:10,0.9714
2018-01-01 01:13:20,0.9715
2018-01-01 01:13:30,0.9714
2018-01-01 01:13:40,0.9715
2018-01-01 01:13:50,0.9653
2018-01-01 01:14:00,0.9655
2018-01-01 01:14:10,0.9655
2018-01-01 01:14:20,0.9657
2018-01-01 01:14:30,0.9658
2018-01-01 01:14:40,0.9658
2018-01-01 01:14:50,0.9661
2018-01-01 01:15:00,0.9661
2018-01-01 01:15:10,0.9661
2018-01-01 01:15:20,0.9665
2018-01-01 01:15:30,0.9665
2018-01-01 01:15:40,0.9666
2018-01-01 01:15:50,0.9668
2018-01-01 01:16:00,0.9669
2018-01-01 01:16:10,0.967
2018-01-01 01:16:20,0.9672
2018-01-01 01:16:30,0.9672
2018-01-01 01:16:40,0.9672
2018-01-01 01:16:50,0.9675
2018-01-01 01:17:00,0.9675
2018-01-01 01:17:10,0.9675
2018-01-01 01:17:20,0.9678
2018-01-01 01:17:30,0.968
2018-01-01 01:17:40,0.968
2018-01-01 01:17:50,0.9683
2018-01-01 01:18:00,0.9685
2018-01-01 01:18:10,0.9684
2018-01-01 01:18:20,0.9687
2018-01-01 01:18:30,0.9688
2018-01-01 01:18:40,0.9688
2018-01-01 01:18:50,0.969
