@timestamp,jvm.metrics.memory.heap_memory_usage.committed,jvm.metrics.memory.heap_memory_usage.max,jvm.metrics.memory.heap_memory_usage.used,jvm.metrics.threading.thread_count,jvm.metrics.gc.psms.collection_count,jvm.metrics.gc.psms.collection_time,jvm.metrics.gc.pss.collection_count,jvm.metrics.gc.pss.collection_time
2018-01-01 00:00:00,2063073280,2063073280,994587592,1013,0,0,2,101
2018-01-01 00:01:00,2029518848,2029518848,937682096,1015,0,0,2,79
2018-01-01 00:02:00,2050490368,2050490368,1016957664,1089,0,0,2,111
2018-01-01 00:03:00,2063073280,2063073280,1001661296,1014,0,0,2,108
2018-01-01 00:04:00,2065170432,2065170432,1121802576,1138,0,0,2,101
2018-01-01 00:05:00,2065170432,2065170432,1153084256,1094,0,0,2,96
2018-01-01 00:06:00,2068316160,2068316160,755476856,1136,0,0,3,146
2018-01-01 00:07:00,2059927552,2059927552,1021650024,1103,1,574,2,89
2018-01-01 00:08:00,2061500416,2061500416,609799472,1102,0,0,3,102
2018-01-01 00:09:00,2062548992,2062548992,918321536,1149,0,0,2,81
2018-01-01 00:10:00,2044198912,2044198912,590610624,1159,0,0,3,136
2018-01-01 00:11:00,2046296064,2046296064,840582080,1107,0,0,2,81
2018-01-01 00:12:00,2008023040,2008023040,681398528,1150,0,0,3,151
2018-01-01 00:13:00,2033713152,2033713152,768352304,1034,0,0,2,84
2018-01-01 00:14:00,2040004608,2040004608,847275568,1011,0,0,2,76
2018-01-01 00:15:00,2044198912,2044198912,991759520,1073,0,0,2,98
2018-01-01 00:16:00,2048393216,2048393216,1016922568,1002,0,0,2,90
2018-01-01 00:17:00,2049441792,2049441792,1054627744,1014,0,0,2,91
2018-01-01 00:18:00,2054160384,2054160384,589002088,1036,0,0,3,123
2018-01-01 00:19:00,2056257536,2056257536,606247208,1017,0,0,2,83
2018-01-01 00:20:00,2059927552,2059927552,686373560,1073,0,0,2,77
2018-01-01 00:21:00,2063597568,2063597568,688429064,1049,0,0,2,83
2018-01-01 00:22:00,2067791872,2067791872,823685512,1147,0,0,2,95
2018-01-01 00:23:00,2071461888,2071461888,987680024,1113,0,0,2,83
2018-01-01 00:24:00,2066219008,2066219008,1058799536,1113,0,0,2,104
2018-01-01 00:25:00,2066743296,2066743296,737280224,1153,0,0,3,146
2018-01-01 00:26:00,2067267584,2067267584,882073432,1152,0,0,2,88
2018-01-01 00:27:00,2054160384,2054160384,1074253992,1154,0,0,2,110
2018-01-01 00:28:00,2064646144,2064646144,750761840,1153,0,0,3,150
2018-01-01 00:29:00,2064646144,2064646144,730715216,1050,0,0,2,83
2018-01-01 00:30:00,2063073280,2063073280,702451208,1005,0,0,2,79
2018-01-01 00:31:00,2065694720,2065694720,750581536,1071,0,0,2,84
2018-01-01 00:32:00,2067267584,2067267584,702650792,1007,0,0,2,82
2018-01-01 00:33:00,2070413312,2070413312,677911328,1027,0,0,2,82
2018-01-01 00:34:00,2074083328,2074083328,640643264,1028,0,0,2,84
2018-01-01 00:35:00,2072510464,2072510464,1138804264,1008,0,0,1,44
2018-01-01 00:36:00,2075656192,2075656192,1127304528,1076,0,0,2,92
2018-01-01 00:37:00,2071986176,2071986176,637511272,1151,0,0,3,139
2018-01-01 00:38:00,2075656192,2075656192,712936680,1095,0,0,2,95
2018-01-01 00:39:00,2077229056,2077229056,848088616,1123,0,0,2,88
2018-01-01 00:40:00,2075656192,2075656192,892970984,1133,0,0,2,89
2018-01-01 00:41:00,2051014656,2051014656,1075937688,1188,0,0,2,110
2018-01-01 00:42:00,2060451840,2060451840,694608216,1157,0,0,3,152
2018-01-01 00:43:00,2062548992,2062548992,850050864,1121,0,0,2,89
2018-01-01 00:44:00,2063073280,2063073280,1131025808,1157,0,0,2,101
2018-01-01 00:45:00,2062024704,2062024704,1079471008,1118,0,0,2,102
2018-01-01 00:46:00,2063597568,2063597568,1052805024,1009,0,0,2,98
2018-01-01 00:47:00,2065170432,2065170432,1095598872,1081,0,0,2,101
2018-01-01 00:48:00,2067267584,2067267584,1034330968,1009,0,0,2,103
2018-01-01 00:49:00,2069364736,2069364736,979059824,1010,0,0,2,101
2018-01-01 00:50:00,2071461888,2071461888,952410240,1041,0,0,2,92
2018-01-01 00:51:00,2037907456,2037907456,875222680,1011,0,0,2,77
2018-01-01 00:52:00,2069889024,2069889024,893753472,1081,0,0,2,81
2018-01-01 00:53:00,2063073280,2063073280,1122168048,1158,0,0,2,94
2018-01-01 00:54:00,2066219008,2066219008,655455936,1093,0,0,3,148
2018-01-01 00:55:00,2069889024,2069889024,834817000,1122,0,0,2,90
2018-01-01 00:56:00,2070937600,2070937600,884670184,1105,0,0,2,85
2018-01-01 00:57:00,2057830400,2057830400,1017464904,1184,0,0,2,101
2018-01-01 00:58:00,2059403264,2059403264,1149597776,1165,0,0,2,109
2018-01-01 00:59:00,2061500416,2061500416,758326216,1150,0,0,3,145
2018-01-01 01:00:00,2065170432,2065170432,969971784,1199,0,0,2,88
2018-01-01 01:01:00,2037383168,2037383168,919575344,1120,0,0,2,84
2018-01-01 01:02:00,2027421696,2027421696,880481120,1015,0,0,2,79
2018-01-01 01:03:00,2065170432,2065170432,919476008,1080,0,0,2,83
2018-01-01 01:04:00,2067267584,2067267584,879711544,1014,0,0,2,81
2018-01-01 01:05:00,2068316160,2068316160,835250472,1014,0,0,2,79
2018-01-01 01:06:00,2070413312,2070413312,805016768,1050,0,0,2,80
2018-01-01 01:07:00,2015887360,2015887360,773393232,1015,1,483,2,76
2018-01-01 01:08:00,2066219008,2066219008,1004191816,1130,0,0,2,60
2018-01-01 01:09:00,2058878976,2058878976,557101248,1130,0,0,3,115
2018-01-01 01:10:00,2053636096,2053636096,697843840,1075,0,0,2,76
2018-01-01 01:11:00,2031091712,2031091712,921295256,1158,0,0,2,90
2018-01-01 01:12:00,2033713152,2033713152,564576264,1111,0,0,3,141
2018-01-01 01:13:00,2007498752,2007498752,847622512,1118,0,0,2,91
2018-01-01 01:14:00,2032664576,2032664576,668317208,1152,0,0,3,147
2018-01-01 01:15:00,2038956032,2038956032,945639552,1110,0,0,2,91
2018-01-01 01:16:00,2041577472,2041577472,757369120,1149,0,0,3,134
2018-01-01 01:17:00,1983905792,1983905792,798552232,1074,0,0,2,71
2018-01-01 01:18:00,2043674624,2043674624,871503048,1002,0,0,2,81
2018-01-01 01:19:00,2047344640,2047344640,997316048,1076,0,0,2,100
2018-01-01 01:20:00,2053111808,2053111808,1006262872,1003,0,0,2,90
2018-01-01 01:21:00,2057306112,2057306112,988344352,1004,0,0,2,90
2018-01-01 01:22:00,2060976128,2060976128,1001052184,1035,0,0,2,92
2018-01-01 01:23:00,2065694720,2065694720,947060776,1002,0,0,2,96
2018-01-01 01:24:00,2060976128,2060976128,1064546504,1150,0,0,2,101
2018-01-01 01:25:00,2068840448,2068840448,1095032208,1087,0,0,2,92
2018-01-01 01:26:00,2071461888,2071461888,1121782360,1087,0,0,2,91
2018-01-01 01:27:00,2077229056,2077229056,703891008,1130,0,0,3,139
2018-01-01 01:28:00,2077229056,2077229056,699169248,1102,0,0,2,88
2018-01-01 01:29:00,2078277632,2078277632,796040312,1128,0,0,2,86
2018-01-01 01:30:00,2078277632,2078277632,876537384,1163,0,0,2,90
2018-01-01 01:31:00,2065694720,2065694720,942856704,1117,0,0,2,99
2018-01-01 01:32:00,2059927552,2059927552,1119302496,1162,0,0,2,108
2018-01-01 01:33:00,2066743296,2066743296,1066478600,1105,0,0,2,100
2018-01-01 01:34:00,2067791872,2067791872,1021784856,1013,0,0,2,94
2018-01-01 01:35:00,2069889024,2069889024,1034957928,1068,0,0,2,98
2018-01-01 01:36:00,2071986176,2071986176,977688560,1015,0,0,2,94
2018-01-01 01:37:00,2074083328,2074083328,915695024,1014,0,0,2,103
2018-01-01 01:38:00,2070413312,2070413312,849253280,1050,0,0,2,90
2018-01-01 01:39:00,2071461888,2071461888,955431464,1155,0,0,2,81
2018-01-01 01:40:00,2060451840,2060451840,957924832,1155,0,0,2,105
2018-01-01 01:41:00,2067267584,2067267584,1004169032,1089,0,0,2,98
2018-01-01 01:42:00,2066219008,2066219008,1075438544,1090,0,0,2,104
2018-01-01 01:43:00,2067267584,2067267584,707443064,1128,0,0,3,143
2018-01-01 01:44:00,2068840448,2068840448,745019768,1102,0,0,2,89
2018-01-01 01:45:00,2069364736,2069364736,872786944,1133,0,0,2,86
2018-01-01 01:46:00,2063073280,2063073280,971068152,1162,0,0,2,100
2018-01-01 01:47:00,2052063232,2052063232,1076341488,1126,0,0,2,107
2018-01-01 01:48:00,2065694720,2065694720,753512432,1160,0,0,3,150
2018-01-01 01:49:00,2064121856,2064121856,703491456,1013,0,0,2,86
2018-01-01 01:50:00,2064646144,2064646144,683353624,1013,0,0,2,85
2018-01-01 01:51:00,2067267584,2067267584,689459808,1053,0,0,2,87
2018-01-01 01:52:00,2069364736,2069364736,633414024,1014,0,0,2,103
2018-01-01 01:53:00,2068316160,2068316160,1132829136,1013,0,0,1,45
2018-01-01 01:54:00,2070413312,2070413312,1088802072,1044,0,0,2,91
2018-01-01 01:55:00,2066743296,2066743296,1183666424,1160,0,0,2,103
2018-01-01 01:56:00,2070937600,2070937600,1130121632,1038,0,0,2,91
2018-01-01 01:57:00,2073034752,2073034752,1144216424,1085,0,0,2,90
2018-01-01 01:58:00,2075131904,2075131904,1155293656,1084,0,0,2,93
2018-01-01 01:59:00,2075131904,2075131904,716470264,1124,0,0,3,143
2018-01-01 02:00:00,2076704768,2076704768,686547600,1068,0,0,2,93
2018-01-01 02:01:00,2078277632,2078277632,774289312,1123,0,0,2,94
2018-01-01 02:02:00,2079850496,2079850496,804741072,1147,0,0,2,91
2018-01-01 02:03:00,2080374784,2080374784,837363536,1116,0,0,2,87
2018-01-01 02:04:00,2058878976,2058878976,1020213848,1238,0,0,2,108
2018-01-01 02:05:00,2053636096,2053636096,988906208,1110,0,0,2,114
2018-01-01 02:06:00,2064121856,2064121856,960373760,1029,0,0,2,88
2018-01-01 02:07:00,2052063232,2052063232,771742392,1016,1,458,2,82
2018-01-01 02:08:00,2055208960,2055208960,806083632,952,0,0,2,56
2018-01-01 02:09:00,2059927552,2059927552,859646408,952,0,0,2,77
2018-01-01 02:10:00,2055208960,2055208960,989077256,1081,0,0,2,89
2018-01-01 02:11:00,2047868928,2047868928,988201760,1081,0,0,2,109
2018-01-01 02:12:00,2048917504,2048917504,1036904992,1025,0,0,2,86
2018-01-01 02:13:00,2049966080,2049966080,627921312,1075,0,0,3,125
2018-01-01 02:14:00,2051014656,2051014656,706991072,1047,0,0,2,79
2018-01-01 02:15:00,2037907456,2037907456,939085600,1183,0,0,2,94
2018-01-01 02:16:00,2045247488,2045247488,1029952960,1097,0,0,2,98
2018-01-01 02:17:00,2049966080,2049966080,664127072,1121,0,0,3,127
2018-01-01 02:18:00,2051538944,2051538944,742427248,1065,0,0,2,76
2018-01-01 02:19:00,2048917504,2048917504,926128048,1144,0,0,2,91
2018-01-01 02:20:00,2054684672,2054684672,1008471176,1089,0,0,2,98
2018-01-01 02:21:00,2057830400,2057830400,1027591808,1025,0,0,2,87
2018-01-01 02:22:00,2061500416,2061500416,1021617800,1013,0,0,2,89
2018-01-01 02:23:00,2064646144,2064646144,955031776,1002,0,0,2,89
2018-01-01 02:24:00,2068316160,2068316160,926204688,1002,0,0,2,91
2018-01-01 02:25:00,2070937600,2070937600,861602624,1002,0,0,2,98
2018-01-01 02:26:00,2063073280,2063073280,985881016,1142,0,0,2,90
2018-01-01 02:27:00,2068840448,2068840448,928540544,1004,0,0,2,97
2018-01-01 02:28:00,2071461888,2071461888,923008168,1037,0,0,2,95
2018-01-01 02:29:00,2073034752,2073034752,912327920,1056,0,0,2,98
2018-01-01 02:30:00,2067791872,2067791872,941055912,1112,0,0,2,103
2018-01-01 02:31:00,2065694720,2065694720,1025154424,1121,0,0,2,100
2018-01-01 02:32:00,2068316160,2068316160,1003290400,1122,0,0,2,101
2018-01-01 02:33:00,2070413312,2070413312,1053776064,1100,0,0,2,97
2018-01-01 02:34:00,2072510464,2072510464,1054924216,1100,0,0,2,101
2018-01-01 02:35:00,2074083328,2074083328,1069085880,1077,0,0,2,99
2018-01-01 02:36:00,2075656192,2075656192,1042696328,1084,0,0,2,103
2018-01-01 02:37:00,2075656192,2075656192,982031520,1032,0,0,2,96
2018-01-01 02:38:00,2076180480,2076180480,896494080,1020,0,0,2,100
2018-01-01 02:39:00,2071461888,2071461888,809924072,1038,0,0,2,79
2018-01-01 02:40:00,2070937600,2070937600,737007904,1020,0,0,2,82
2018-01-01 02:41:00,2073559040,2073559040,845163256,1165,0,0,2,99
2018-01-01 02:42:00,2075131904,2075131904,774656040,1166,0,0,2,84
2018-01-01 02:43:00,2075131904,2075131904,720531800,1037,0,0,2,82
2018-01-01 02:44:00,2077229056,2077229056,623867352,1020,0,0,2,81
2018-01-01 02:45:00,2078801920,2078801920,612291200,1067,0,0,2,88
2018-01-01 02:46:00,2078801920,2078801920,1115868488,1056,0,0,1,47
2018-01-01 02:47:00,2073034752,2073034752,1048258032,1091,0,0,2,98
2018-01-01 02:48:00,2066219008,2066219008,1010706808,1070,0,0,2,102
2018-01-01 02:49:00,2066743296,2066743296,1012061992,1084,0,0,2,103
2018-01-01 02:50:00,2058878976,2058878976,1030371600,1090,0,0,2,104
2018-01-01 02:51:00,2067267584,2067267584,977296456,1082,0,0,2,102
2018-01-01 02:52:00,2067791872,2067791872,953618120,1066,0,0,2,104
2018-01-01 02:53:00,2067791872,2067791872,911606240,1030,0,0,2,105
2018-01-01 02:54:00,2069364736,2069364736,874892736,1043,0,0,2,83
2018-01-01 02:55:00,2034761728,2034761728,826214872,1038,0,0,2,78
2018-01-01 02:56:00,2068316160,2068316160,772301816,1020,0,0,2,77
2018-01-01 02:57:00,2059403264,2059403264,931968920,1166,0,0,2,95
2018-01-01 02:58:00,2065170432,2065170432,894257296,1035,0,0,2,90
2018-01-01 02:59:00,2066743296,2066743296,847181728,1035,0,0,2,75
2018-01-01 03:00:00,2067791872,2067791872,848271872,1047,0,0,2,79
2018-01-01 03:01:00,2069364736,2069364736,792630336,1049,0,0,2,77
2018-01-01 03:02:00,2072510464,2072510464,744584200,1050,0,0,2,78
2018-01-01 03:03:00,2076704768,2076704768,725789104,1085,0,0,2,85
2018-01-01 03:04:00,2078801920,2078801920,697350040,1068,0,0,2,84
2018-01-01 03:05:00,2080374784,2080374784,667444840,1090,0,0,2,89
2018-01-01 03:06:00,2070937600,2070937600,610087664,1061,0,0,2,89
2018-01-01 03:07:00,2039480320,2039480320,846985104,1033,1,540,2,85
2018-01-01 03:08:00,2074607616,2074607616,829340416,1009,0,0,2,76
2018-01-01 03:09:00,2075131904,2075131904,788588656,1009,0,0,2,72
2018-01-01 03:10:00,2076180480,2076180480,710072288,1010,0,0,2,63
2018-01-01 03:11:00,2070937600,2070937600,628914176,1000,0,0,2,73
2018-01-01 03:12:00,2064121856,2064121856,582309056,1015,0,0,2,78
2018-01-01 03:13:00,2053636096,2053636096,520684992,1001,0,0,2,86
2018-01-01 03:14:00,2059927552,2059927552,1053578288,1016,0,0,1,45
2018-01-01 03:15:00,2058878976,2058878976,1041396688,1016,0,0,2,85
2018-01-01 03:16:00,2059403264,2059403264,531018632,1038,0,0,3,124
2018-01-01 03:17:00,2063073280,2063073280,1066722328,1044,0,0,1,39
2018-01-01 03:18:00,2064121856,2064121856,1069016824,1067,0,0,2,84
2018-01-01 03:19:00,2065170432,2065170432,538392088,1089,0,0,3,121
2018-01-01 03:20:00,2068316160,2068316160,596318160,1132,0,0,2,84
2018-01-01 03:21:00,2072510464,2072510464,1076058160,1055,0,0,1,43
2018-01-01 03:22:00,2075131904,2075131904,1017669728,1059,0,0,2,83
2018-01-01 03:23:00,2077229056,2077229056,994080648,1081,0,0,2,91
2018-01-01 03:24:00,2078277632,2078277632,919545816,1032,0,0,2,98
2018-01-01 03:25:00,2078277632,2078277632,818455208,1031,0,0,2,87
2018-01-01 03:26:00,2076180480,2076180480,718366360,1025,0,0,2,74
2018-01-01 03:27:00,2077753344,2077753344,614712864,1026,0,0,2,82
2018-01-01 03:28:00,2078801920,2078801920,695719008,1169,0,0,2,86
2018-01-01 03:29:00,2079850496,2079850496,614376296,1025,0,0,2,82
2018-01-01 03:30:00,2079326208,2079326208,1116115376,1039,0,0,1,43
2018-01-01 03:31:00,2080899072,2080899072,1033527200,1039,0,0,2,95
2018-01-01 03:32:00,2075656192,2075656192,918811872,1041,0,0,2,94
2018-01-01 03:33:00,2053636096,2053636096,786197448,1039,0,0,2,90
2018-01-01 03:34:00,2078277632,2078277632,747370040,1090,0,0,2,81
2018-01-01 03:35:00,2079850496,2079850496,708510592,1067,0,0,2,83
2018-01-01 03:36:00,2076180480,2076180480,736968856,1145,0,0,2,87
2018-01-01 03:37:00,2080899072,2080899072,661603128,1070,0,0,2,86
2018-01-01 03:38:00,2082471936,2082471936,587890840,1070,0,0,2,105
2018-01-01 03:39:00,2082471936,2082471936,1117870704,1086,0,0,1,45
2018-01-01 03:40:00,2082996224,2082996224,1011467232,1030,0,0,2,92
2018-01-01 03:41:00,2079850496,2079850496,914230448,1030,0,0,2,99
2018-01-01 03:42:00,2079326208,2079326208,786935656,1032,0,0,2,82
2018-01-01 03:43:00,2080899072,2080899072,756285944,1085,0,0,2,83
2018-01-01 03:44:00,2082471936,2082471936,656698720,1030,0,0,2,84
2018-01-01 03:45:00,2081947648,2081947648,1144327048,1044,0,0,1,45
2018-01-01 03:46:00,2083520512,2083520512,1044954072,1044,0,0,2,94
2018-01-01 03:47:00,2076180480,2076180480,973676992,1063,0,0,2,97
2018-01-01 03:48:00,2055208960,2055208960,838329520,1062,0,0,2,88
2018-01-01 03:49:00,2078801920,2078801920,734145024,1054,0,0,2,77
2018-01-01 03:50:00,2079326208,2079326208,720788320,1149,0,0,2,89
2018-01-01 03:51:00,2079850496,2079850496,694848632,1137,0,0,2,90
2018-01-01 03:52:00,2080899072,2080899072,698287568,1129,0,0,2,86
2018-01-01 03:53:00,2081423360,2081423360,677075544,1137,0,0,2,87
2018-01-01 03:54:00,2081947648,2081947648,1163457968,1076,0,0,1,47
2018-01-01 03:55:00,2081423360,2081423360,1066576480,1076,0,0,2,91
2018-01-01 03:56:00,2080899072,2080899072,961165896,1044,0,0,2,96
2018-01-01 03:57:00,2077229056,2077229056,846299288,1045,0,0,2,88
2018-01-01 03:58:00,2079326208,2079326208,720224768,1044,0,0,2,84
2018-01-01 03:59:00,2076704768,2076704768,808914848,1185,0,0,2,88
2018-01-01 04:00:00,2078801920,2078801920,723035000,1044,0,0,2,83
2018-01-01 04:01:00,2080374784,2080374784,650668400,1058,0,0,2,86
2018-01-01 04:02:00,2079326208,2079326208,1137073000,1045,0,0,1,42
2018-01-01 04:03:00,2081423360,2081423360,1088379216,1098,0,0,2,92
2018-01-01 04:04:00,2076180480,2076180480,1049647328,1101,0,0,2,96
2018-01-01 04:05:00,2072510464,2072510464,996912784,1091,0,0,2,99
2018-01-01 04:06:00,2067267584,2067267584,999382176,1105,0,0,2,102
2018-01-01 04:07:00,2066219008,2066219008,897452144,1104,1,454,3,133
2018-01-01 04:08:00,2069364736,2069364736,857638880,1074,0,0,2,66
2018-01-01 04:09:00,2066219008,2066219008,993809600,1081,0,0,2,79
2018-01-01 04:10:00,2056257536,2056257536,960952368,1083,0,0,2,85
2018-01-01 04:11:00,2052587520,2052587520,940220584,1012,0,0,2,93
2018-01-01 04:12:00,2048393216,2048393216,933687352,1004,0,0,2,95
2018-01-01 04:13:00,2048393216,2048393216,955633200,1003,0,0,2,92
2018-01-01 04:14:00,2030567424,2030567424,613023800,1133,0,0,3,147
2018-01-01 04:15:00,2044198912,2044198912,646248752,1003,0,0,2,83
2018-01-01 04:16:00,1990197248,1990197248,699692376,1017,0,0,2,76
2018-01-01 04:17:00,1980235776,1980235776,748667080,1010,0,0,2,67
2018-01-01 04:18:00,2044723200,2044723200,788571496,1006,0,0,2,64
2018-01-01 04:19:00,2045771776,2045771776,869349584,1055,0,0,2,82
2018-01-01 04:20:00,2049441792,2049441792,973264424,1094,0,0,2,92
2018-01-01 04:21:00,2053111808,2053111808,1001127296,1097,0,0,2,92
2018-01-01 04:22:00,2065170432,2065170432,580644472,1138,0,0,3,131
2018-01-01 04:23:00,2067791872,2067791872,611359336,1131,0,0,2,90
2018-01-01 04:24:00,2070937600,2070937600,544858832,1041,0,0,2,82
2018-01-01 04:25:00,2073559040,2073559040,687609472,1139,0,0,2,93
2018-01-01 04:26:00,2074607616,2074607616,600291104,1039,0,0,2,85
2018-01-01 04:27:00,2074607616,2074607616,1078353624,1018,0,0,1,44
2018-01-01 04:28:00,2075656192,2075656192,993905072,1017,0,0,2,91
2018-01-01 04:29:00,2078277632,2078277632,877630280,1017,0,0,2,96
2018-01-01 04:30:00,2070413312,2070413312,985447464,1164,0,0,2,93
2018-01-01 04:31:00,2071986176,2071986176,908708048,1031,0,0,2,101
2018-01-01 04:32:00,2072510464,2072510464,864228000,1032,0,0,2,98
2018-01-01 04:33:00,2040004608,2040004608,788647400,1031,0,0,2,72
2018-01-01 04:34:00,2070937600,2070937600,718623216,1017,0,0,2,77
2018-01-01 04:35:00,2071461888,2071461888,729351752,1085,0,0,2,79
2018-01-01 04:36:00,2075131904,2075131904,754185448,1133,0,0,2,86
2018-01-01 04:37:00,2076704768,2076704768,727760976,1113,0,0,2,85
2018-01-01 04:38:00,2078277632,2078277632,807840000,1187,0,0,2,87
2018-01-01 04:39:00,2078277632,2078277632,736136888,1122,0,0,2,90
2018-01-01 04:40:00,2079326208,2079326208,661622224,1054,0,0,2,86
2018-01-01 04:41:00,2076180480,2076180480,739693480,1134,0,0,2,93
2018-01-01 04:42:00,2079850496,2079850496,627407800,1081,0,0,2,90
2018-01-01 04:43:00,2080899072,2080899072,1099962376,1019,0,0,1,45
2018-01-01 04:44:00,2081947648,2081947648,987776784,1020,0,0,2,94
2018-01-01 04:45:00,2080899072,2080899072,1010240568,1152,0,0,2,90
2018-01-01 04:46:00,2061500416,2061500416,968652912,1152,0,0,2,109
2018-01-01 04:47:00,2070937600,2070937600,888852968,1030,0,0,2,92
2018-01-01 04:48:00,2069889024,2069889024,806349648,1023,0,0,2,72
2018-01-01 04:49:00,2070937600,2070937600,753691808,1023,0,0,2,78
2018-01-01 04:50:00,2073559040,2073559040,715074088,1028,0,0,2,83
2018-01-01 04:51:00,2076180480,2076180480,670509512,1061,0,0,2,87
2018-01-01 04:52:00,2077753344,2077753344,672512768,1090,0,0,2,89
2018-01-01 04:53:00,2079326208,2079326208,656511784,1094,0,0,2,87
2018-01-01 04:54:00,2077753344,2077753344,753744280,1127,0,0,2,89
2018-01-01 04:55:00,2081423360,2081423360,688914776,1059,0,0,2,85
2018-01-01 04:56:00,2081423360,2081423360,676482464,1084,0,0,2,96
2018-01-01 04:57:00,2079850496,2079850496,704154968,1147,0,0,2,109
2018-01-01 04:58:00,2079850496,2079850496,1168383240,1021,0,0,1,47
2018-01-01 04:59:00,2080374784,2080374784,1070784912,1021,0,0,2,92
2018-01-01 05:00:00,2078801920,2078801920,946527560,1021,0,0,2,100
2018-01-01 05:01:00,2072510464,2072510464,973609536,1114,0,0,2,97
2018-01-01 05:02:00,2042626048,2042626048,879922440,1021,0,0,2,91
2018-01-01 05:03:00,2071461888,2071461888,820444624,1020,0,0,2,73
2018-01-01 05:04:00,2071461888,2071461888,755222016,1020,0,0,2,85
2018-01-01 05:05:00,2073559040,2073559040,691296216,1029,0,0,2,83
2018-01-01 05:06:00,2078277632,2078277632,1180692712,1031,0,0,1,43
2018-01-01 05:07:00,2012741632,2012741632,726487240,1060,1,495,3,114
2018-01-01 05:08:00,2069364736,2069364736,766434736,1078,0,0,2,57
2018-01-01 05:09:00,2060451840,2060451840,866376288,1095,0,0,2,91
2018-01-01 05:10:00,2045247488,2045247488,985513632,1140,0,0,2,89
2018-01-01 05:11:00,2016935936,2016935936,1013654552,1111,0,0,2,94
2018-01-01 05:12:00,2044723200,2044723200,586006176,1081,0,0,3,128
2018-01-01 05:13:00,2047344640,2047344640,695385056,1100,0,0,2,85
2018-01-01 05:14:00,2053111808,2053111808,730873344,1052,0,0,2,78
2018-01-01 05:15:00,2056257536,2056257536,735613176,1042,0,0,2,73
2018-01-01 05:16:00,2057306112,2057306112,879522664,1181,0,0,2,72
2018-01-01 05:17:00,2057830400,2057830400,899513928,1182,0,0,2,100
2018-01-01 05:18:00,2062024704,2062024704,875488640,1042,0,0,2,94
2018-01-01 05:19:00,2065694720,2065694720,848175720,1042,0,0,2,90
2018-01-01 05:20:00,2065694720,2065694720,794513016,1042,0,0,2,77
2018-01-01 05:21:00,2065170432,2065170432,781821160,1061,0,0,2,68
2018-01-01 05:22:00,2067267584,2067267584,772788584,1080,0,0,2,72
2018-01-01 05:23:00,2070413312,2070413312,730968744,1085,0,0,2,72
2018-01-01 05:24:00,2073559040,2073559040,695590832,1098,0,0,2,79
2018-01-01 05:25:00,2077229056,2077229056,753870480,1120,0,0,2,79
2018-01-01 05:26:00,2078277632,2078277632,725015344,1172,0,0,2,85
2018-01-01 05:27:00,2080899072,2080899072,671641688,1106,0,0,2,80
2018-01-01 05:28:00,2078277632,2078277632,659694896,1152,0,0,2,92
2018-01-01 05:29:00,2079326208,2079326208,1127680096,1078,0,0,1,45
2018-01-01 05:30:00,2079850496,2079850496,1029086856,1067,0,0,2,93
2018-01-01 05:31:00,2075131904,2075131904,901488744,1055,0,0,2,93
2018-01-01 05:32:00,2070937600,2070937600,889745568,1127,0,0,2,103
2018-01-01 05:33:00,2045771776,2045771776,788574248,1055,0,0,2,82
2018-01-01 05:34:00,2074083328,2074083328,723835248,1055,0,0,2,77
2018-01-01 05:35:00,2074607616,2074607616,658212264,1055,0,0,2,82
2018-01-01 05:36:00,2076704768,2076704768,574806792,1057,0,0,2,86
2018-01-01 05:37:00,2080899072,2080899072,1074230288,1073,0,0,1,44
2018-01-01 05:38:00,2079850496,2079850496,1006264512,1102,0,0,2,93
2018-01-01 05:39:00,2075656192,2075656192,899054832,1102,0,0,2,100
2018-01-01 05:40:00,2077753344,2077753344,809535736,1099,0,0,2,78
2018-01-01 05:41:00,2064646144,2064646144,946313448,1254,0,0,2,94
2018-01-01 05:42:00,2069364736,2069364736,909178792,1116,0,0,2,99
2018-01-01 05:43:00,2065694720,2065694720,948232792,1171,0,0,2,105
2018-01-01 05:44:00,2060976128,2060976128,975776416,1192,0,0,2,108
2018-01-01 05:45:00,2065694720,2065694720,936476496,1087,0,0,2,105
2018-01-01 05:46:00,2067267584,2067267584,864385944,1087,0,0,2,88
2018-01-01 05:47:00,2066743296,2066743296,911031632,1198,0,0,2,75
2018-01-01 05:48:00,2060976128,2060976128,909180328,1197,0,0,2,109
2018-01-01 05:49:00,2065694720,2065694720,876088600,1079,0,0,2,92
2018-01-01 05:50:00,2065170432,2065170432,828090768,1079,0,0,2,77
2018-01-01 05:51:00,2066219008,2066219008,801381672,1081,0,0,2,77
2018-01-01 05:52:00,2067791872,2067791872,749934136,1080,0,0,2,78
2018-01-01 05:53:00,2071461888,2071461888,763177672,1128,0,0,2,78
2018-01-01 05:54:00,2075131904,2075131904,764865312,1154,0,0,2,83
2018-01-01 05:55:00,2077753344,2077753344,735214472,1152,0,0,2,87
2018-01-01 05:56:00,2078277632,2078277632,735851184,1162,0,0,2,85
2018-01-01 05:57:00,2071986176,2071986176,778530968,1291,0,0,2,91
2018-01-01 05:58:00,2076704768,2076704768,728671368,1135,0,0,2,87
2018-01-01 05:59:00,2078277632,2078277632,754100008,1193,0,0,2,86
2018-01-01 06:00:00,2079326208,2079326208,717846984,1164,0,0,2,88
2018-01-01 06:01:00,2081423360,2081423360,635078288,1103,0,0,2,87
2018-01-01 06:02:00,2080374784,2080374784,1084991048,1091,0,0,1,48
2018-01-01 06:03:00,2080899072,2080899072,1156398152,1226,0,0,2,101
2018-01-01 06:04:00,2075656192,2075656192,1075395464,1090,0,0,2,100
2018-01-01 06:05:00,2077229056,2077229056,990811176,1090,0,0,2,96
2018-01-01 06:06:00,2077753344,2077753344,915905592,1092,0,0,2,99
2018-01-01 06:07:00,2021654528,2021654528,734057288,1091,1,465,2,75
2018-01-01 06:08:00,2008547328,2008547328,686139840,952,0,0,2,47
2018-01-01 06:09:00,2064646144,2064646144,780242536,1024,0,0,2,54
2018-01-01 06:10:00,2059403264,2059403264,780264656,1045,0,0,2,71
2018-01-01 06:11:00,2054160384,2054160384,788774320,1059,0,0,2,81
2018-01-01 06:12:00,2047344640,2047344640,871149184,1087,0,0,2,89
2018-01-01 06:13:00,2010120192,2010120192,962359848,1133,0,0,2,103
2018-01-01 06:14:00,2036334592,2036334592,562373176,1033,0,0,3,136
2018-01-01 06:15:00,2043150336,2043150336,717375448,1107,0,0,2,80
2018-01-01 06:16:00,2049441792,2049441792,857347944,1090,0,0,2,89
2018-01-01 06:17:00,2052587520,2052587520,879910720,1030,0,0,2,93
2018-01-01 06:18:00,2056257536,2056257536,1048960336,1147,0,0,2,95
2018-01-01 06:19:00,2059403264,2059403264,1059960760,1147,0,0,2,89
2018-01-01 06:20:00,2060451840,2060451840,1051850280,1002,0,0,2,83
2018-01-01 06:21:00,2062024704,2062024704,1037265368,1004,0,0,2,83
2018-01-01 06:22:00,2065694720,2065694720,1003182440,1003,0,0,2,86
2018-01-01 06:23:00,2068840448,2068840448,969800816,1002,0,0,2,87
2018-01-01 06:24:00,2071986176,2071986176,923742104,1003,0,0,2,89
2018-01-01 06:25:00,2073559040,2073559040,913470672,1044,0,0,2,96
2018-01-01 06:26:00,2071986176,2071986176,878460384,1060,0,0,2,96
2018-01-01 06:27:00,2073034752,2073034752,813724424,1069,0,0,2,86
2018-01-01 06:28:00,2063597568,2063597568,853839744,1138,0,0,2,97
2018-01-01 06:29:00,2069364736,2069364736,783693448,1065,0,0,2,76
2018-01-01 06:30:00,2069889024,2069889024,798136320,1071,0,0,2,76
2018-01-01 06:31:00,2072510464,2072510464,785023368,1111,0,0,2,81
2018-01-01 06:32:00,2074083328,2074083328,704054064,1042,0,0,2,80
2018-01-01 06:33:00,2077753344,2077753344,620058528,1030,0,0,2,89
2018-01-01 06:34:00,2076180480,2076180480,712405728,1178,0,0,2,92
2018-01-01 06:35:00,2078277632,2078277632,639591616,1030,0,0,2,82
2018-01-01 06:36:00,2077229056,2077229056,1138869672,1032,0,0,1,43
2018-01-01 06:37:00,2079326208,2079326208,1043436520,1031,0,0,2,90
2018-01-01 06:38:00,2074083328,2074083328,944187632,1030,0,0,2,99
2018-01-01 06:39:00,2078801920,2078801920,854267864,1031,0,0,2,98
2018-01-01 06:40:00,2053636096,2053636096,736064392,1031,0,0,2,77
2018-01-01 06:41:00,2078277632,2078277632,692113144,1059,0,0,2,81
2018-01-01 06:42:00,2080374784,2080374784,631082208,1092,0,0,2,89
2018-01-01 06:43:00,2079850496,2079850496,657518520,1180,0,0,2,91
2018-01-01 06:44:00,2069889024,2069889024,592881288,1140,0,0,2,95
2018-01-01 06:45:00,2077753344,2077753344,1113657960,1099,0,0,1,45
2018-01-01 06:46:00,2079850496,2079850496,1142240104,1130,0,0,2,92
2018-01-01 06:47:00,2079326208,2079326208,1038948664,1131,0,0,2,95
2018-01-01 06:48:00,2078801920,2078801920,960910968,1070,0,0,2,99
2018-01-01 06:49:00,2073034752,2073034752,994051928,1206,0,0,2,91
2018-01-01 06:50:00,2052063232,2052063232,957439448,1206,0,0,2,112
2018-01-01 06:51:00,2061500416,2061500416,912672368,1061,0,0,2,106
2018-01-01 06:52:00,2065694720,2065694720,889562648,1060,0,0,2,90
2018-01-01 06:53:00,2065694720,2065694720,836204928,1059,0,0,2,78
2018-01-01 06:54:00,2067267584,2067267584,792997672,1059,0,0,2,81
2018-01-01 06:55:00,2068840448,2068840448,751389264,1059,0,0,2,75
2018-01-01 06:56:00,2070413312,2070413312,732255952,1082,0,0,2,83
2018-01-01 06:57:00,2073034752,2073034752,727342040,1136,0,0,2,83
2018-01-01 06:58:00,2075656192,2075656192,715061928,1131,0,0,2,81
2018-01-01 06:59:00,2076704768,2076704768,825990808,1218,0,0,2,87
2018-01-01 07:00:00,2077753344,2077753344,779130392,1145,0,0,2,87
2018-01-01 07:01:00,2079850496,2079850496,727942160,1159,0,0,2,86
2018-01-01 07:02:00,2079326208,2079326208,796647792,1202,0,0,2,90
2018-01-01 07:03:00,2081423360,2081423360,712792968,1167,0,0,2,91
2018-01-01 07:04:00,2080374784,2080374784,1155357808,1075,0,0,1,44
2018-01-01 07:05:00,2082471936,2082471936,1234098984,1222,0,0,2,94
2018-01-01 07:06:00,2078801920,2078801920,1149215488,1088,0,0,2,91
2018-01-01 07:07:00,2065170432,2065170432,719059688,1076,1,463,3,122
2018-01-01 07:08:00,2064121856,2064121856,688815608,952,0,0,2,37
2018-01-01 07:09:00,2070413312,2070413312,704577736,954,0,0,2,56
2018-01-01 07:10:00,2072510464,2072510464,670227464,954,0,0,2,63
2018-01-01 07:11:00,2067791872,2067791872,606766272,954,0,0,2,73
2018-01-01 07:12:00,2061500416,2061500416,537795424,969,0,0,2,79
2018-01-01 07:13:00,2053636096,2053636096,573486928,1043,0,0,2,82
2018-01-01 07:14:00,2051014656,2051014656,618278880,1063,0,0,2,83
2018-01-01 07:15:00,2048393216,2048393216,752480696,1123,0,0,2,81
2018-01-01 07:16:00,2054684672,2054684672,779350840,1074,0,0,2,79
2018-01-01 07:17:00,2058354688,2058354688,862733992,1068,0,0,2,97
2018-01-01 07:18:00,2063597568,2063597568,926579864,1078,0,0,2,94
2018-01-01 07:19:00,2067267584,2067267584,934420464,1064,0,0,2,89
2018-01-01 07:20:00,2069889024,2069889024,1029210152,1154,0,0,2,95
2018-01-01 07:21:00,2070413312,2070413312,985969280,1157,0,0,2,96
2018-01-01 07:22:00,2071461888,2071461888,928776056,1005,0,0,2,92
2018-01-01 07:23:00,2074083328,2074083328,870131520,1005,0,0,2,97
2018-01-01 07:24:00,2075131904,2075131904,805450512,1004,0,0,2,92
2018-01-01 07:25:00,2071461888,2071461888,716330824,1005,0,0,2,74
2018-01-01 07:26:00,2072510464,2072510464,655902200,1004,0,0,2,75
2018-01-01 07:27:00,2074607616,2074607616,591404184,1005,0,0,2,79
2018-01-01 07:28:00,2073559040,2073559040,1089024800,1017,0,0,1,42
2018-01-01 07:29:00,2076180480,2076180480,1051299328,1053,0,0,2,87
2018-01-01 07:30:00,2070937600,2070937600,1030328304,1102,0,0,2,90
2018-01-01 07:31:00,2069364736,2069364736,1034199608,1104,0,0,2,95
2018-01-01 07:32:00,2064121856,2064121856,995432248,1105,0,0,2,100
2018-01-01 07:33:00,2073034752,2073034752,917220160,1105,0,0,2,96
2018-01-01 07:34:00,2064646144,2064646144,919537784,1093,0,0,2,104
2018-01-01 07:35:00,2058354688,2058354688,872804688,1102,0,0,2,105
2018-01-01 07:36:00,2059403264,2059403264,1002341624,1188,0,0,2,102
2018-01-01 07:37:00,2061500416,2061500416,964439672,1044,0,0,2,100
2018-01-01 07:38:00,2063597568,2063597568,946598272,1043,0,0,2,97
2018-01-01 07:39:00,2067267584,2067267584,907538248,1043,0,0,2,97
2018-01-01 07:40:00,2069364736,2069364736,869596816,1048,0,0,2,98
2018-01-01 07:41:00,2038431744,2038431744,779155112,1048,0,0,2,80
2018-01-01 07:42:00,2032140288,2032140288,732566712,1054,0,0,2,78
2018-01-01 07:43:00,2066743296,2066743296,693097744,1054,0,0,2,78
2018-01-01 07:44:00,2067267584,2067267584,640513992,1053,0,0,2,80
2018-01-01 07:45:00,2068316160,2068316160,629358832,1093,0,0,2,84
2018-01-01 07:46:00,2071986176,2071986176,636062112,1127,0,0,2,90
2018-01-01 07:47:00,2075656192,2075656192,1140092688,1155,0,0,1,46
2018-01-01 07:48:00,2076704768,2076704768,1065490144,1109,0,0,2,91
2018-01-01 07:49:00,2076180480,2076180480,1036466720,1126,0,0,2,94
2018-01-01 07:50:00,2076180480,2076180480,968266912,1107,0,0,2,97
2018-01-01 07:51:00,2071986176,2071986176,1052309928,1230,0,0,2,99
2018-01-01 07:52:00,2066219008,2066219008,979709160,1229,0,0,2,105
2018-01-01 07:53:00,2072510464,2072510464,926237616,1081,0,0,2,103
2018-01-01 07:54:00,2074083328,2074083328,873992248,1081,0,0,2,98
2018-01-01 07:55:00,2070413312,2070413312,786764704,1081,0,0,2,79
2018-01-01 07:56:00,2071986176,2071986176,717499152,1081,0,0,2,78
2018-01-01 07:57:00,2074083328,2074083328,658060200,1082,0,0,2,79
2018-01-01 07:58:00,2073034752,2073034752,1147963592,1091,0,0,1,60
2018-01-01 07:59:00,2075656192,2075656192,1078923000,1092,0,0,2,90
2018-01-01 08:00:00,2078801920,2078801920,1037976680,1131,0,0,2,90
2018-01-01 08:01:00,2072510464,2072510464,944642328,1133,0,0,2,96
2018-01-01 08:02:00,2075131904,2075131904,975164808,1231,0,0,2,103
2018-01-01 08:03:00,2059403264,2059403264,968099040,1189,0,0,2,101
2018-01-01 08:04:00,2056781824,2056781824,915577416,1189,0,0,2,125
2018-01-01 08:05:00,2054684672,2054684672,925399560,1186,0,0,2,106
2018-01-01 08:06:00,2065694720,2065694720,851583720,1151,0,0,2,88
2018-01-01 08:07:00,2023751680,2023751680,924713424,1124,1,533,2,90
2018-01-01 08:08:00,2063597568,2063597568,919498144,1009,0,0,2,63
2018-01-01 08:09:00,2063597568,2063597568,953767040,1011,0,0,2,73
2018-01-01 08:10:00,2052063232,2052063232,916670848,1013,0,0,2,82
2018-01-01 08:11:00,2046820352,2046820352,896867320,1002,0,0,2,88
2018-01-01 08:12:00,2035810304,2035810304,885459704,1003,0,0,2,90
2018-01-01 08:13:00,2030567424,2030567424,899944224,1003,0,0,2,90
2018-01-01 08:14:00,2048917504,2048917504,893857376,1003,0,0,2,89
2018-01-01 08:15:00,2048917504,2048917504,958415432,1042,0,0,2,91
2018-01-01 08:16:00,2052587520,2052587520,1043732224,1108,0,0,2,86
2018-01-01 08:17:00,2057306112,2057306112,564350696,1109,0,0,3,119
2018-01-01 08:18:00,2058354688,2058354688,629466016,1126,0,0,2,88
2018-01-01 08:19:00,2059927552,2059927552,690469176,1131,0,0,2,75
2018-01-01 08:20:00,2062548992,2062548992,711755720,1091,0,0,2,73
2018-01-01 08:21:00,2066219008,2066219008,762056568,1122,0,0,2,77
2018-01-01 08:22:00,2069889024,2069889024,773398816,1121,0,0,2,76
2018-01-01 08:23:00,2072510464,2072510464,718257168,1120,0,0,2,77
2018-01-01 08:24:00,2073559040,2073559040,663208016,1046,0,0,2,74
2018-01-01 08:25:00,2076704768,2076704768,606484040,1047,0,0,2,79
2018-01-01 08:26:00,2075131904,2075131904,1092927920,1045,0,0,1,41
2018-01-01 08:27:00,2078801920,2078801920,1017846192,1046,0,0,2,87
2018-01-01 08:28:00,2069364736,2069364736,913747248,1046,0,0,2,92
2018-01-01 08:29:00,2066743296,2066743296,822994704,1046,0,0,2,94
2018-01-01 08:30:00,2077229056,2077229056,738866936,1065,0,0,2,75
2018-01-01 08:31:00,2077229056,2077229056,685613896,1102,0,0,2,82
2018-01-01 08:32:00,2078801920,2078801920,658984512,1157,0,0,2,83
2018-01-01 08:33:00,2080374784,2080374784,613605600,1140,0,0,2,85
2018-01-01 08:34:00,2078801920,2078801920,1127707872,1152,0,0,1,45
2018-01-01 08:35:00,2079326208,2079326208,1105312192,1154,0,0,2,92
2018-01-01 08:36:00,2076180480,2076180480,1065543576,1156,0,0,2,94
2018-01-01 08:37:00,2072510464,2072510464,1037267344,1136,0,0,2,97
2018-01-01 08:38:00,2068316160,2068316160,1120554832,1230,0,0,2,101
2018-01-01 08:39:00,2073034752,2073034752,1026015488,1090,0,0,2,92
2018-01-01 08:40:00,2076180480,2076180480,972477096,1091,0,0,2,96
2018-01-01 08:41:00,2075656192,2075656192,890968520,1091,0,0,2,99
2018-01-01 08:42:00,2074083328,2074083328,788690296,1091,0,0,2,84
2018-01-01 08:43:00,2075131904,2075131904,711735136,1091,0,0,2,80
2018-01-01 08:44:00,2076704768,2076704768,650505872,1093,0,0,2,84
2018-01-01 08:45:00,2075656192,2075656192,1138975704,1112,0,0,1,41
2018-01-01 08:46:00,2078277632,2078277632,1066459432,1103,0,0,2,87
2018-01-01 08:47:00,2081423360,2081423360,1019853656,1150,0,0,2,92
2018-01-01 08:48:00,2076180480,2076180480,908290976,1150,0,0,2,96
2018-01-01 08:49:00,2073034752,2073034752,896911248,1179,0,0,2,102
2018-01-01 08:50:00,2073034752,2073034752,837717400,1175,0,0,2,80
2018-01-01 08:51:00,2073559040,2073559040,801870968,1180,0,0,2,84
2018-01-01 08:52:00,2075131904,2075131904,778809048,1185,0,0,2,81
2018-01-01 08:53:00,2077753344,2077753344,894251624,1268,0,0,2,85
2018-01-01 08:54:00,2077753344,2077753344,799233160,1268,0,0,2,88
2018-01-01 08:55:00,2078277632,2078277632,716435064,1123,0,0,2,78
2018-01-01 08:56:00,2078801920,2078801920,651376624,1136,0,0,2,86
2018-01-01 08:57:00,2082471936,2082471936,1144631584,1124,0,0,1,43
2018-01-01 08:58:00,2083520512,2083520512,1057296568,1123,0,0,2,90
2018-01-01 08:59:00,2078801920,2078801920,960016784,1124,0,0,2,96
2018-01-01 09:00:00,2079850496,2079850496,865458144,1126,0,0,2,95
2018-01-01 09:01:00,2079326208,2079326208,808994448,1163,0,0,2,80
2018-01-01 09:02:00,2080374784,2080374784,742059496,1153,0,0,2,80
2018-01-01 09:03:00,2081947648,2081947648,713861160,1202,0,0,2,86
2018-01-01 09:04:00,2073559040,2073559040,1198933056,1215,0,0,1,45
2018-01-01 09:05:00,2073034752,2073034752,1146128968,1207,0,0,2,89
2018-01-01 09:06:00,2072510464,2072510464,1113143696,1197,0,0,2,93
2018-01-01 09:07:00,2064121856,2064121856,733336864,1207,1,541,3,130
2018-01-01 09:08:00,2067267584,2067267584,724265248,1042,0,0,2,49
2018-01-01 09:09:00,2053636096,2053636096,872524056,1130,0,0,2,77
2018-01-01 09:10:00,2050490368,2050490368,854205248,1005,0,0,2,91
2018-01-01 09:11:00,2044198912,2044198912,880326016,1005,0,0,2,91
2018-01-01 09:12:00,2040004608,2040004608,918578840,1018,0,0,2,90
2018-01-01 09:13:00,2041577472,2041577472,975794984,1005,0,0,2,87
2018-01-01 09:14:00,2044198912,2044198912,1029991008,1010,0,0,2,102
2018-01-01 09:15:00,2046296064,2046296064,576416264,1010,0,0,3,128
2018-01-01 09:16:00,2051538944,2051538944,601035000,1015,0,0,2,76
2018-01-01 09:17:00,2051538944,2051538944,715812104,1114,0,0,2,68
2018-01-01 09:18:00,2053111808,2053111808,780715800,1091,0,0,2,65
2018-01-01 09:19:00,2054684672,2054684672,881809128,1121,0,0,2,87
2018-01-01 09:20:00,2057306112,2057306112,912017864,1133,0,0,2,96
2018-01-01 09:21:00,2058354688,2058354688,938293552,1100,0,0,2,94
2018-01-01 09:22:00,2062024704,2062024704,977217512,1101,0,0,2,90
2018-01-01 09:23:00,2066743296,2066743296,975761392,1072,0,0,2,90
2018-01-01 09:24:00,2070413312,2070413312,1128191048,1238,0,0,2,99
2018-01-01 09:25:00,2068840448,2068840448,1082674928,1238,0,0,2,98
2018-01-01 09:26:00,2069889024,2069889024,1018694680,1054,0,0,2,85
2018-01-01 09:27:00,2070937600,2070937600,968357776,1042,0,0,2,92
2018-01-01 09:28:00,2073034752,2073034752,907037656,1041,0,0,2,96
2018-01-01 09:29:00,2075656192,2075656192,845962032,1045,0,0,2,105
2018-01-01 09:30:00,2046296064,2046296064,752508384,1045,0,0,2,77
2018-01-01 09:31:00,2074083328,2074083328,688625424,1055,0,0,2,78
2018-01-01 09:32:00,2074607616,2074607616,620086616,1057,0,0,2,79
2018-01-01 09:33:00,2075656192,2075656192,604674720,1111,0,0,2,84
2018-01-01 09:34:00,2079850496,2079850496,1124083568,1109,0,0,1,43
2018-01-01 09:35:00,2080374784,2080374784,1112129256,1144,0,0,2,89
2018-01-01 09:36:00,2076704768,2076704768,995313264,1146,0,0,2,91
2018-01-01 09:37:00,2073559040,2073559040,950295080,1102,0,0,2,98
2018-01-01 09:38:00,2070937600,2070937600,921979672,1101,0,0,2,105
2018-01-01 09:39:00,2071461888,2071461888,884559576,1138,0,0,2,96
2018-01-01 09:40:00,2058878976,2058878976,1078630928,1218,0,0,2,110
2018-01-01 09:41:00,2064646144,2064646144,1043524032,1155,0,0,2,118
2018-01-01 09:42:00,2066743296,2066743296,1015780872,1077,0,0,2,92
2018-01-01 09:43:00,2069364736,2069364736,982266720,1069,0,0,2,97
2018-01-01 09:44:00,2071986176,2071986176,938151864,1069,0,0,2,97
2018-01-01 09:45:00,2073559040,2073559040,871932392,1075,0,0,2,100
2018-01-01 09:46:00,2069889024,2069889024,742345984,1075,0,0,2,74
2018-01-01 09:47:00,2071461888,2071461888,706729408,1090,0,0,2,79
2018-01-01 09:48:00,2072510464,2072510464,660076504,1081,0,0,2,83
2018-01-01 09:49:00,2075131904,2075131904,629632264,1114,0,0,2,81
2018-01-01 09:50:00,2074083328,2074083328,1156779776,1133,0,0,1,41
2018-01-01 09:51:00,2076704768,2076704768,1140764216,1149,0,0,2,89
2018-01-01 09:52:00,2077753344,2077753344,1059081896,1127,0,0,2,91
2018-01-01 09:53:00,2066743296,2066743296,978452208,1122,0,0,2,99
2018-01-01 09:54:00,2070413312,2070413312,932577640,1144,0,0,2,104
2018-01-01 09:55:00,2065170432,2065170432,998187576,1237,0,0,2,101
2018-01-01 09:56:00,2052587520,2052587520,1051824568,1242,0,0,2,108
2018-01-01 09:57:00,2064121856,2064121856,1004732344,1177,0,0,2,104
2018-01-01 09:58:00,2065694720,2065694720,965396576,1094,0,0,2,97
2018-01-01 09:59:00,2068840448,2068840448,921815784,1094,0,0,2,100
2018-01-01 10:00:00,2071986176,2071986176,858796944,1094,0,0,2,93
2018-01-01 10:01:00,2037383168,2037383168,791968152,1094,0,0,2,78
2018-01-01 10:02:00,2069889024,2069889024,731638368,1095,0,0,2,77
2018-01-01 10:03:00,2070413312,2070413312,702409304,1116,0,0,2,81
2018-01-01 10:04:00,2072510464,2072510464,632386008,1109,0,0,2,85
2018-01-01 10:05:00,2076180480,2076180480,1114392024,1106,0,0,1,43
2018-01-01 10:06:00,2078277632,2078277632,1131997512,1170,0,0,2,89
2018-01-01 10:07:00,2014838784,2014838784,699165152,1150,1,466,3,116
2018-01-01 10:08:00,2009595904,2009595904,651896696,992,0,0,2,45
2018-01-01 10:09:00,2066743296,2066743296,719123584,1041,0,0,2,57
2018-01-01 10:10:00,2045771776,2045771776,707090112,1057,0,0,2,69
2018-01-01 10:11:00,2063073280,2063073280,917317056,1193,0,0,2,89
2018-01-01 10:12:00,2014838784,2014838784,1035380368,1093,0,0,2,97
2018-01-01 10:13:00,2038431744,2038431744,602307632,1064,0,0,3,131
2018-01-01 10:14:00,2045771776,2045771776,675601992,1002,0,0,2,78
2018-01-01 10:15:00,2052063232,2052063232,724788016,1002,0,0,2,75
2018-01-01 10:16:00,2052063232,2052063232,755786632,1002,0,0,2,73
2018-01-01 10:17:00,2056257536,2056257536,796743664,1021,0,0,2,73
2018-01-01 10:18:00,2059927552,2059927552,791615264,1002,0,0,2,75
2018-01-01 10:19:00,2060976128,2060976128,806926496,1046,0,0,2,62
2018-01-01 10:20:00,2065170432,2065170432,796213360,1046,0,0,2,80
2018-01-01 10:21:00,2068316160,2068316160,790611208,1061,0,0,2,67
2018-01-01 10:22:00,2065170432,2065170432,843202448,1101,0,0,2,81
2018-01-01 10:23:00,2071986176,2071986176,805691184,1071,0,0,2,80
2018-01-01 10:24:00,2074607616,2074607616,724340288,1071,0,0,2,76
2018-01-01 10:25:00,2078277632,2078277632,722025000,1094,0,0,2,78
2018-01-01 10:26:00,2075131904,2075131904,845978768,1234,0,0,2,84
2018-01-01 10:27:00,2074607616,2074607616,855217344,1244,0,0,2,89
2018-01-01 10:28:00,2074083328,2074083328,779653368,1108,0,0,2,85
2018-01-01 10:29:00,2074607616,2074607616,718770040,1033,0,0,2,77
2018-01-01 10:30:00,2077753344,2077753344,672647600,1046,0,0,2,82
2018-01-01 10:31:00,2080899072,2080899072,586758320,1033,0,0,2,83
2018-01-01 10:32:00,2079326208,2079326208,1084954264,1047,0,0,1,44
2018-01-01 10:33:00,2072510464,2072510464,953894096,1046,0,0,2,93
2018-01-01 10:34:00,2070413312,2070413312,842712800,1041,0,0,2,98
2018-01-01 10:35:00,2077229056,2077229056,760502400,1063,0,0,2,76
2018-01-01 10:36:00,2077753344,2077753344,672997608,1066,0,0,2,79
2018-01-01 10:37:00,2079326208,2079326208,636567320,1096,0,0,2,80
2018-01-01 10:38:00,2082471936,2082471936,1173996264,1124,0,0,1,42
2018-01-01 10:39:00,2082996224,2082996224,1096058256,1094,0,0,2,88
2018-01-01 10:40:00,2081947648,2081947648,1041826560,1114,0,0,2,93
2018-01-01 10:41:00,2075656192,2075656192,899504376,1114,0,0,2,127
2018-01-01 10:42:00,2067791872,2067791872,973828616,1177,0,0,2,104
2018-01-01 10:43:00,2066743296,2066743296,949507048,1118,0,0,2,105
2018-01-01 10:44:00,2068316160,2068316160,887726472,1062,0,0,2,105
2018-01-01 10:45:00,2068840448,2068840448,817677152,1058,0,0,2,82
2018-01-01 10:46:00,2068840448,2068840448,778475280,1056,0,0,2,80
2018-01-01 10:47:00,2070413312,2070413312,734588112,1072,0,0,2,78
2018-01-01 10:48:00,2073034752,2073034752,675448472,1071,0,0,2,80
2018-01-01 10:49:00,2076180480,2076180480,618809608,1061,0,0,2,83
2018-01-01 10:50:00,2074607616,2074607616,1102654408,1060,0,0,1,43
2018-01-01 10:51:00,2078277632,2078277632,1019086368,1057,0,0,2,91
2018-01-01 10:52:00,2080374784,2080374784,925931960,1058,0,0,2,94
2018-01-01 10:53:00,2079326208,2079326208,839983576,1098,0,0,2,93
2018-01-01 10:54:00,2079850496,2079850496,789802184,1130,0,0,2,81
2018-01-01 10:55:00,2081423360,2081423360,670902392,1086,0,0,2,79
2018-01-01 10:56:00,2083520512,2083520512,1189408424,1119,0,0,1,44
2018-01-01 10:57:00,2082471936,2082471936,1152699512,1155,0,0,2,92
2018-01-01 10:58:00,2077229056,2077229056,1137397296,1158,0,0,2,98
2018-01-01 10:59:00,2075656192,2075656192,1074851448,1135,0,0,2,98
2018-01-01 11:00:00,2077229056,2077229056,984305968,1082,0,0,2,102
2018-01-01 11:01:00,2075131904,2075131904,910737344,1082,0,0,2,102
2018-01-01 11:02:00,2074083328,2074083328,784126464,1083,0,0,2,73
2018-01-01 11:03:00,2075656192,2075656192,727854152,1094,0,0,2,82
2018-01-01 11:04:00,2078277632,2078277632,659539680,1092,0,0,2,83
2018-01-01 11:05:00,2077229056,2077229056,1151598208,1090,0,0,1,44
2018-01-01 11:06:00,2079850496,2079850496,1056260344,1092,0,0,2,92
2018-01-01 11:07:00,2067791872,2067791872,647145240,1084,1,541,3,116
2018-01-01 11:08:00,2069364736,2069364736,629742080,987,0,0,2,43
2018-01-01 11:09:00,2071461888,2071461888,699374848,1049,0,0,2,60
2018-01-01 11:10:00,2067791872,2067791872,628976784,1014,0,0,2,68
2018-01-01 11:11:00,2060976128,2060976128,581626984,1023,0,0,2,78
2018-01-01 11:12:00,2050490368,2050490368,567411480,1042,0,0,2,83
2018-01-01 11:13:00,2042101760,2042101760,727453368,1141,0,0,2,83
2018-01-01 11:14:00,2030043136,2030043136,879298760,1078,0,0,2,99
2018-01-01 11:15:00,2034237440,2034237440,958311704,1047,0,0,2,94
2018-01-01 11:16:00,2038431744,2038431744,548219352,1009,0,0,3,126
2018-01-01 11:17:00,2042101760,2042101760,611121040,1003,0,0,2,75
2018-01-01 11:18:00,2044198912,2044198912,653975648,1002,0,0,2,67
2018-01-01 11:19:00,2046820352,2046820352,686122536,1002,0,0,2,68
2018-01-01 11:20:00,2050490368,2050490368,712425416,1007,0,0,2,69
2018-01-01 11:21:00,2054684672,2054684672,720252376,1012,0,0,2,69
2018-01-01 11:22:00,2059403264,2059403264,732171440,1040,0,0,2,71
2018-01-01 11:23:00,2064121856,2064121856,738892808,1055,0,0,2,67
2018-01-01 11:24:00,2069364736,2069364736,728806248,1058,0,0,2,73
2018-01-01 11:25:00,2074607616,2074607616,730144200,1115,0,0,2,76
2018-01-01 11:26:00,2078277632,2078277632,684439600,1097,0,0,2,79
2018-01-01 11:27:00,2069364736,2069364736,609406520,1086,0,0,2,83
2018-01-01 11:28:00,2072510464,2072510464,679420792,1187,0,0,2,97
2018-01-01 11:29:00,2074083328,2074083328,672213408,1130,0,0,2,87
2018-01-01 11:30:00,2074083328,2074083328,684223616,1163,0,0,2,93
2018-01-01 11:31:00,2074083328,2074083328,575603816,1053,0,0,2,90
2018-01-01 11:32:00,2078801920,2078801920,1064281632,1039,0,0,1,41
2018-01-01 11:33:00,2080899072,2080899072,986727256,1038,0,0,2,102
2018-01-01 11:34:00,2078801920,2078801920,893621408,1038,0,0,2,97
2018-01-01 11:35:00,2076180480,2076180480,807419816,1043,0,0,2,104
2018-01-01 11:36:00,2077229056,2077229056,712983816,1048,0,0,2,77
2018-01-01 11:37:00,2078277632,2078277632,630942720,1047,0,0,2,76
2018-01-01 11:38:00,2080899072,2080899072,599086736,1081,0,0,2,81
2018-01-01 11:39:00,2079326208,2079326208,1142961176,1130,0,0,1,42
2018-01-01 11:40:00,2073034752,2073034752,1044130048,1130,0,0,2,88
2018-01-01 11:41:00,2077753344,2077753344,1019795128,1166,0,0,2,90
2018-01-01 11:42:00,2068840448,2068840448,986885720,1139,0,0,2,92
2018-01-01 11:43:00,2071461888,2071461888,923993008,1153,0,0,2,97
2018-01-01 11:44:00,2065694720,2065694720,1069258952,1210,0,0,2,103
2018-01-01 11:45:00,2068316160,2068316160,1054588416,1125,0,0,2,96
2018-01-01 11:46:00,2069889024,2069889024,1037653208,1125,0,0,2,96
2018-01-01 11:47:00,2072510464,2072510464,977133992,1074,0,0,2,94
2018-01-01 11:48:00,2074607616,2074607616,893794376,1071,0,0,2,105
2018-01-01 11:49:00,2053636096,2053636096,807873360,1071,0,0,2,89
2018-01-01 11:50:00,2047868928,2047868928,717356648,1074,0,0,2,74
2018-01-01 11:51:00,2074607616,2074607616,658343624,1078,0,0,2,77
2018-01-01 11:52:00,2076180480,2076180480,1150004960,1080,0,0,1,39
2018-01-01 11:53:00,2079326208,2079326208,1097075664,1085,0,0,2,85
2018-01-01 11:54:00,2081947648,2081947648,999669080,1102,0,0,2,89
2018-01-01 11:55:00,2079326208,2079326208,908904360,1117,0,0,2,96
2018-01-01 11:56:00,2077229056,2077229056,778778152,1117,0,0,2,88
2018-01-01 11:57:00,2079850496,2079850496,752202864,1173,0,0,2,82
2018-01-01 11:58:00,2081947648,2081947648,779037344,1198,0,0,2,88
2018-01-01 11:59:00,2076180480,2076180480,847794272,1253,0,0,2,92
2018-01-01 12:00:00,2078801920,2078801920,797979144,1246,0,0,2,86
2018-01-01 12:01:00,2079850496,2079850496,729302912,1169,0,0,2,87
2018-01-01 12:02:00,2080899072,2080899072,645262344,1150,0,0,2,101
2018-01-01 12:03:00,2080374784,2080374784,1128035160,1101,0,0,1,45
2018-01-01 12:04:00,2081423360,2081423360,1033277496,1101,0,0,2,92
2018-01-01 12:05:00,2078277632,2078277632,941219696,1101,0,0,2,98
2018-01-01 12:06:00,2080374784,2080374784,822670320,1105,0,0,2,92
2018-01-01 12:07:00,2018508800,2018508800,677394304,1102,1,470,2,71
2018-01-01 12:08:00,2007498752,2007498752,651283320,967,0,0,2,41
2018-01-01 12:09:00,2066743296,2066743296,664784016,967,0,0,2,49
2018-01-01 12:10:00,2071461888,2071461888,628537152,975,0,0,2,60
2018-01-01 12:11:00,2055733248,2055733248,593176664,1002,0,0,2,72
2018-01-01 12:12:00,2048393216,2048393216,615497240,1057,0,0,2,79
2018-01-01 12:13:00,2033188864,2033188864,662581992,1063,0,0,2,78
2018-01-01 12:14:00,2029518848,2029518848,711533872,1069,0,0,2,80
2018-01-01 12:15:00,2018508800,2018508800,915264912,1144,0,0,2,109
2018-01-01 12:16:00,2040004608,2040004608,555865728,1070,0,0,3,133
2018-01-01 12:17:00,2042626048,2042626048,602027552,1021,0,0,2,78
2018-01-01 12:18:00,2045247488,2045247488,647646040,1003,0,0,2,89
2018-01-01 12:19:00,2048917504,2048917504,696960232,1003,0,0,2,73
2018-01-01 12:20:00,2052587520,2052587520,734268952,1003,0,0,2,67
2018-01-01 12:21:00,2060451840,2060451840,770830888,1005,0,0,2,77
2018-01-01 12:22:00,2065170432,2065170432,744498968,1004,0,0,2,71
2018-01-01 12:23:00,2068840448,2068840448,701509800,1003,0,0,2,72
2018-01-01 12:24:00,2071986176,2071986176,695257832,1046,0,0,2,72
2018-01-01 12:25:00,2076704768,2076704768,629217520,1047,0,0,2,72
2018-01-01 12:26:00,2080374784,2080374784,555804520,1061,0,0,2,78
2018-01-01 12:27:00,2078801920,2078801920,1118139280,1120,0,0,1,40
2018-01-01 12:28:00,2069364736,2069364736,1081621640,1121,0,0,2,89
2018-01-01 12:29:00,2064121856,2064121856,991365408,1121,0,0,2,91
2018-01-01 12:30:00,2060451840,2060451840,1046072648,1201,0,0,2,95
2018-01-01 12:31:00,2055733248,2055733248,1014454856,1201,0,0,2,99
2018-01-01 12:32:00,2068316160,2068316160,1025908048,1124,0,0,2,102
2018-01-01 12:33:00,2070413312,2070413312,987308792,1102,0,0,2,91
2018-01-01 12:34:00,2072510464,2072510464,926926296,1056,0,0,2,96
2018-01-01 12:35:00,2075131904,2075131904,866204144,1056,0,0,2,98
2018-01-01 12:36:00,2074607616,2074607616,780641208,1055,0,0,2,94
2018-01-01 12:37:00,2044723200,2044723200,698853360,1054,0,0,2,76
2018-01-01 12:38:00,2074083328,2074083328,618921896,1053,0,0,2,83
2018-01-01 12:39:00,2076704768,2076704768,1115413944,1053,0,0,1,43
2018-01-01 12:40:00,2079326208,2079326208,1071465704,1084,0,0,2,88
2018-01-01 12:41:00,2081947648,2081947648,994774640,1093,0,0,2,91
2018-01-01 12:42:00,2079850496,2079850496,906975472,1099,0,0,2,93
2018-01-01 12:43:00,2073559040,2073559040,887842432,1161,0,0,2,99
2018-01-01 12:44:00,2069364736,2069364736,850310408,1162,0,0,2,102
2018-01-01 12:45:00,2069889024,2069889024,774207392,1172,0,0,2,95
2018-01-01 12:46:00,2060976128,2060976128,882354824,1253,0,0,2,96
2018-01-01 12:47:00,2064646144,2064646144,891925168,1147,0,0,2,105
2018-01-01 12:48:00,2066219008,2066219008,940789704,1161,0,0,2,99
2018-01-01 12:49:00,2067267584,2067267584,922355440,1171,0,0,2,101
2018-01-01 12:50:00,2070413312,2070413312,877096288,1097,0,0,2,103
2018-01-01 12:51:00,2072510464,2072510464,829881608,1092,0,0,2,98
2018-01-01 12:52:00,2069364736,2069364736,746915888,1091,0,0,2,75
2018-01-01 12:53:00,2069889024,2069889024,697109336,1090,0,0,2,77
2018-01-01 12:54:00,2071461888,2071461888,642884280,1090,0,0,2,78
2018-01-01 12:55:00,2070413312,2070413312,1141383568,1090,0,0,1,41
2018-01-01 12:56:00,2073034752,2073034752,1111540432,1122,0,0,2,87
2018-01-01 12:57:00,2076180480,2076180480,1038874656,1108,0,0,2,106
2018-01-01 12:58:00,2079326208,2079326208,958051696,1135,0,0,2,93
2018-01-01 12:59:00,2073559040,2073559040,932779440,1167,0,0,2,101
2018-01-01 13:00:00,2064121856,2064121856,871588648,1162,0,0,2,99
2018-01-01 13:01:00,2071986176,2071986176,944755064,1266,0,0,2,88
2018-01-01 13:02:00,2058354688,2058354688,913735792,1267,0,0,2,111
2018-01-01 13:03:00,2055208960,2055208960,911190672,1180,0,0,2,108
2018-01-01 13:04:00,2066219008,2066219008,892885432,1171,0,0,2,104
2018-01-01 13:05:00,2066219008,2066219008,854233864,1169,0,0,2,99
2018-01-01 13:06:00,2029518848,2029518848,812032872,1127,0,0,2,79
2018-01-01 13:07:00,2010644480,2010644480,718840072,1126,1,476,2,80
2018-01-01 13:08:00,1992294400,1992294400,697166128,952,0,0,2,40
2018-01-01 13:09:00,2057306112,2057306112,768860968,952,0,0,2,70
2018-01-01 13:10:00,2036858880,2036858880,777258792,952,0,0,2,94
2018-01-01 13:11:00,2030567424,2030567424,797231568,982,0,0,2,92
2018-01-01 13:12:00,2017984512,2017984512,811954008,977,0,0,2,92
2018-01-01 13:13:00,2043150336,2043150336,851383120,977,0,0,2,94
2018-01-01 13:14:00,2043150336,2043150336,911405712,998,0,0,2,89
2018-01-01 13:15:00,2043150336,2043150336,1040671296,1048,0,0,2,89
2018-01-01 13:16:00,2051014656,2051014656,630081000,1062,0,0,3,124
2018-01-01 13:17:00,2050490368,2050490368,872243720,1164,0,0,2,89
2018-01-01 13:18:00,2055208960,2055208960,857860176,1056,0,0,2,91
2018-01-01 13:19:00,2058354688,2058354688,894352688,1032,0,0,2,92
2018-01-01 13:20:00,2061500416,2061500416,897260912,1047,0,0,2,90
2018-01-01 13:21:00,2064646144,2064646144,869470944,1015,0,0,2,91
2018-01-01 13:22:00,2067791872,2067791872,842404512,1003,0,0,2,98
2018-01-01 13:23:00,2070937600,2070937600,799466328,1002,0,0,2,97
2018-01-01 13:24:00,2067791872,2067791872,714915512,1002,0,0,2,73
2018-01-01 13:25:00,2068316160,2068316160,674892320,1002,0,0,2,72
2018-01-01 13:26:00,2069889024,2069889024,627542512,1002,0,0,2,75
2018-01-01 13:27:00,2073034752,2073034752,572064296,1028,0,0,2,81
2018-01-01 13:28:00,2071461888,2071461888,1089715320,1023,0,0,1,39
2018-01-01 13:29:00,2074083328,2074083328,1043356312,1046,0,0,2,80
2018-01-01 13:30:00,2077753344,2077753344,1027074584,1096,0,0,2,105
2018-01-01 13:31:00,2066743296,2066743296,1017095784,1092,0,0,2,89
2018-01-01 13:32:00,2068316160,2068316160,1064459448,1183,0,0,2,96
2018-01-01 13:33:00,2058878976,2058878976,1061152496,1182,0,0,2,99
2018-01-01 13:34:00,2070937600,2070937600,1022874440,1081,0,0,2,93
2018-01-01 13:35:00,2074083328,2074083328,1017783920,1084,0,0,2,95
2018-01-01 13:36:00,2076180480,2076180480,936287496,1076,0,0,2,96
2018-01-01 13:37:00,2077753344,2077753344,861843256,1037,0,0,2,100
2018-01-01 13:38:00,2051014656,2051014656,765354704,1036,0,0,2,91
2018-01-01 13:39:00,2046820352,2046820352,680447048,1036,0,0,2,76
2018-01-01 13:40:00,2075131904,2075131904,1121922928,1036,0,0,1,42
2018-01-01 13:41:00,2077753344,2077753344,1061207776,1036,0,0,2,87
2018-01-01 13:42:00,2080899072,2080899072,978081456,1037,0,0,2,90
2018-01-01 13:43:00,2080899072,2080899072,884450600,1060,0,0,2,96
2018-01-01 13:44:00,2079850496,2079850496,796497648,1091,0,0,2,85
2018-01-01 13:45:00,2079850496,2079850496,696907072,1091,0,0,2,79
2018-01-01 13:46:00,2082471936,2082471936,680652352,1143,0,0,2,81
2018-01-01 13:47:00,2081947648,2081947648,606392480,1116,0,0,2,86
2018-01-01 13:48:00,2075656192,2075656192,732498392,1218,0,0,2,92
2018-01-01 13:49:00,2080374784,2080374784,678206912,1128,0,0,2,89
2018-01-01 13:50:00,2082471936,2082471936,610404032,1118,0,0,2,87
2018-01-01 13:51:00,2081423360,2081423360,1154258376,1143,0,0,1,45
2018-01-01 13:52:00,2082471936,2082471936,1057964080,1107,0,0,2,96
2018-01-01 13:53:00,2077753344,2077753344,968908552,1080,0,0,2,96
2018-01-01 13:54:00,2078801920,2078801920,871799288,1080,0,0,2,99
2018-01-01 13:55:00,2056781824,2056781824,730270896,1081,0,0,2,79
2018-01-01 13:56:00,2079326208,2079326208,644097728,1080,0,0,2,81
2018-01-01 13:57:00,2080374784,2080374784,1133768200,1081,0,0,1,41
2018-01-01 13:58:00,2082471936,2082471936,1030328912,1080,0,0,2,89
2018-01-01 13:59:00,2081947648,2081947648,936062192,1084,0,0,2,92
2018-01-01 14:00:00,2079326208,2079326208,861541096,1127,0,0,2,99
2018-01-01 14:01:00,2081947648,2081947648,1127402008,1129,0,0,2,89
2018-01-01 14:02:00,2080899072,2080899072,1103706912,1211,0,0,2,89
2018-01-01 14:03:00,2077753344,2077753344,1168681392,1314,0,0,2,96
2018-01-01 14:04:00,2066743296,2066743296,1153797848,1314,0,0,2,100
2018-01-01 14:05:00,2075656192,2075656192,1119815384,1192,0,0,2,91
2018-01-01 14:06:00,2076704768,2076704768,1057395120,1194,0,0,2,93
2018-01-01 14:07:00,2033713152,2033713152,729923128,1173,1,584,3,137
2018-01-01 14:08:00,2006450176,2006450176,670619464,1004,0,0,2,45
2018-01-01 14:09:00,2064121856,2064121856,702228096,1004,0,0,2,55
2018-01-01 14:10:00,2067267584,2067267584,676460664,1006,0,0,2,63
2018-01-01 14:11:00,2053636096,2053636096,614016352,1006,0,0,2,68
2018-01-01 14:12:00,2052587520,2052587520,564736656,1007,0,0,2,73
2018-01-01 14:13:00,2064121856,2064121856,1057533104,1006,0,0,1,40
2018-01-01 14:14:00,2060976128,2060976128,1010337184,1006,0,0,2,78
2018-01-01 14:15:00,2060451840,2060451840,1000012288,1025,0,0,2,85
2018-01-01 14:16:00,2059927552,2059927552,967841104,1030,0,0,2,83
2018-01-01 14:17:00,2064121856,2064121856,1015630192,1093,0,0,2,95
2018-01-01 14:18:00,2067267584,2067267584,961099400,1092,0,0,2,82
2018-01-01 14:19:00,2069364736,2069364736,1115488664,1198,0,0,2,84
2018-01-01 14:20:00,2071986176,2071986176,1088171360,1108,0,0,2,80
2018-01-01 14:21:00,2073559040,2073559040,1051105224,1099,0,0,2,91
2018-01-01 14:22:00,2076180480,2076180480,1003858568,1111,0,0,2,85
2018-01-01 14:23:00,2077753344,2077753344,935526528,1094,0,0,2,92
2018-01-01 14:24:00,2078801920,2078801920,825522704,1055,0,0,2,93
2018-01-01 14:25:00,2078277632,2078277632,726818456,1055,0,0,2,88
2018-01-01 14:26:00,2076180480,2076180480,632825728,1055,0,0,2,73
2018-01-01 14:27:00,2076704768,2076704768,1120192624,1056,0,0,1,39
2018-01-01 14:28:00,2077229056,2077229056,1042729840,1055,0,0,2,78
2018-01-01 14:29:00,2079326208,2079326208,953223408,1055,0,0,2,84
2018-01-01 14:30:00,2081423360,2081423360,888205472,1083,0,0,2,92
2018-01-01 14:31:00,2074083328,2074083328,833121400,1126,0,0,2,99
2018-01-01 14:32:00,2052587520,2052587520,720580664,1127,0,0,2,89
2018-01-01 14:33:00,2077753344,2077753344,722894912,1172,0,0,2,76
2018-01-01 14:34:00,2079326208,2079326208,751201944,1237,0,0,2,82
2018-01-01 14:35:00,2066743296,2066743296,767377416,1299,0,0,2,94
2018-01-01 14:36:00,2075656192,2075656192,687465952,1122,0,0,2,82
2018-01-01 14:37:00,2076704768,2076704768,627385192,1152,0,0,2,87
2018-01-01 14:38:00,2080374784,2080374784,1150729352,1146,0,0,1,44
2018-01-01 14:39:00,2082471936,2082471936,1059801264,1146,0,0,2,90
2018-01-01 14:40:00,2083520512,2083520512,960666064,1092,0,0,2,92
2018-01-01 14:41:00,2080374784,2080374784,858350920,1092,0,0,2,102
2018-01-01 14:42:00,2079850496,2079850496,738155936,1093,0,0,2,82
2018-01-01 14:43:00,2081423360,2081423360,651001464,1099,0,0,2,81
2018-01-01 14:44:00,2081423360,2081423360,1139061928,1092,0,0,1,41
2018-01-01 14:45:00,2081947648,2081947648,1038896840,1092,0,0,2,87
2018-01-01 14:46:00,2077229056,2077229056,961735864,1121,0,0,2,89
2018-01-01 14:47:00,2080899072,2080899072,865373256,1156,0,0,2,98
2018-01-01 14:48:00,2081423360,2081423360,735568448,1156,0,0,2,79
2018-01-01 14:49:00,2081947648,2081947648,690508504,1210,0,0,2,84
2018-01-01 14:50:00,2076180480,2076180480,847467368,1321,0,0,2,91
2018-01-01 14:51:00,2070937600,2070937600,766316160,1272,0,0,2,94
2018-01-01 14:52:00,2071461888,2071461888,723134312,1162,0,0,2,80
2018-01-01 14:53:00,2072510464,2072510464,650952560,1188,0,0,2,87
2018-01-01 14:54:00,2077229056,2077229056,1164551856,1180,0,0,1,46
2018-01-01 14:55:00,2080374784,2080374784,1101381344,1161,0,0,2,86
2018-01-01 14:56:00,2082471936,2082471936,1015308200,1136,0,0,2,87
2018-01-01 14:57:00,2080374784,2080374784,915528656,1139,0,0,2,100
2018-01-01 14:58:00,2077753344,2077753344,813530392,1138,0,0,2,98
2018-01-01 14:59:00,2078277632,2078277632,721267104,1146,0,0,2,77
2018-01-01 15:00:00,2079326208,2079326208,637478328,1138,0,0,2,81
2018-01-01 15:01:00,2078277632,2078277632,1114726264,1138,0,0,1,43
2018-01-01 15:02:00,2079850496,2079850496,1023371808,1144,0,0,2,86
2018-01-01 15:03:00,2082471936,2082471936,948684880,1182,0,0,2,94
2018-01-01 15:04:00,2080899072,2080899072,827339856,1182,0,0,2,90
2018-01-01 15:05:00,2081947648,2081947648,893626808,1315,0,0,2,82
2018-01-01 15:06:00,2064121856,2064121856,1020497896,1371,0,0,2,117
2018-01-01 15:07:00,2056781824,2056781824,709947496,1261,1,478,3,128
2018-01-01 15:08:00,2058878976,2058878976,764421592,1005,0,0,2,57
2018-01-01 15:09:00,2062024704,2062024704,801399048,1012,0,0,2,75
2018-01-01 15:10:00,2052587520,2052587520,814103824,1026,0,0,2,79
2018-01-01 15:11:00,2047868928,2047868928,816799848,993,0,0,2,90
2018-01-01 15:12:00,2046296064,2046296064,829659136,994,0,0,2,90
2018-01-01 15:13:00,2046820352,2046820352,867804576,993,0,0,2,94
2018-01-01 15:14:00,2048393216,2048393216,898224160,993,0,0,2,89
2018-01-01 15:15:00,2051014656,2051014656,922843952,993,0,0,2,88
2018-01-01 15:16:00,2054684672,2054684672,931891864,993,0,0,2,87
2018-01-01 15:17:00,2053636096,2053636096,938571568,994,0,0,2,82
2018-01-01 15:18:00,2054684672,2054684672,939515048,1000,0,0,2,78
2018-01-01 15:19:00,2057306112,2057306112,926816368,1007,0,0,2,80
2018-01-01 15:20:00,2060976128,2060976128,968536680,1048,0,0,2,82
2018-01-01 15:21:00,2066219008,2066219008,1110677880,1153,0,0,2,84
2018-01-01 15:22:00,2070413312,2070413312,1076778696,1088,0,0,2,82
2018-01-01 15:23:00,2073559040,2073559040,1020501544,1081,0,0,2,80
2018-01-01 15:24:00,2076704768,2076704768,1013994192,1101,0,0,2,85
2018-01-01 15:25:00,2077229056,2077229056,974216368,1088,0,0,2,88
2018-01-01 15:26:00,2079326208,2079326208,894380880,1051,0,0,2,93
2018-01-01 15:27:00,2078801920,2078801920,802204272,1043,0,0,2,97
2018-01-01 15:28:00,2075656192,2075656192,693384528,1042,0,0,2,88
2018-01-01 15:29:00,2076704768,2076704768,596811832,1042,0,0,2,81
2018-01-01 15:30:00,2076180480,2076180480,1099849568,1042,0,0,1,43
2018-01-01 15:31:00,2077753344,2077753344,1014396088,1042,0,0,2,80
2018-01-01 15:32:00,2079850496,2079850496,920729848,1044,0,0,2,87
2018-01-01 15:33:00,2073559040,2073559040,824599472,1060,0,0,2,100
2018-01-01 15:34:00,2055733248,2055733248,726597728,1088,0,0,2,74
2018-01-01 15:35:00,2080374784,2080374784,629170248,1088,0,0,2,74
2018-01-01 15:36:00,2079326208,2079326208,732762688,1241,0,0,2,86
2018-01-01 15:37:00,2076704768,2076704768,749204208,1222,0,0,2,102
2018-01-01 15:38:00,2076704768,2076704768,630790168,1158,0,0,2,82
2018-01-01 15:39:00,2079850496,2079850496,1120570528,1105,0,0,1,42
2018-01-01 15:40:00,2080374784,2080374784,1057497216,1141,0,0,2,90
2018-01-01 15:41:00,2078801920,2078801920,997454968,1146,0,0,2,93
2018-01-01 15:42:00,2077229056,2077229056,902925960,1101,0,0,2,99
2018-01-01 15:43:00,2074607616,2074607616,821090088,1092,0,0,2,104
2018-01-01 15:44:00,2075656192,2075656192,690001176,1092,0,0,2,78
2018-01-01 15:45:00,2077229056,2077229056,615228072,1093,0,0,2,77
2018-01-01 15:46:00,2076180480,2076180480,1091203656,1092,0,0,1,43
2018-01-01 15:47:00,2078277632,2078277632,1017477856,1093,0,0,2,90
2018-01-01 15:48:00,2080899072,2080899072,919198464,1092,0,0,2,91
2018-01-01 15:49:00,2074083328,2074083328,827314896,1111,0,0,2,100
2018-01-01 15:50:00,2054684672,2054684672,705217936,1128,0,0,2,76
2018-01-01 15:51:00,2080374784,2080374784,1143944712,1130,0,0,1,42
2018-01-01 15:52:00,2072510464,2072510464,659062536,1265,0,0,3,132
2018-01-01 15:53:00,2070937600,2070937600,736149760,1310,0,0,2,91
2018-01-01 15:54:00,2075131904,2075131904,628834104,1252,0,0,2,90
2018-01-01 15:55:00,2077753344,2077753344,1139049992,1187,0,0,1,42
2018-01-01 15:56:00,2080374784,2080374784,1042907168,1187,0,0,2,92
2018-01-01 15:57:00,2079326208,2079326208,978392040,1183,0,0,2,96
2018-01-01 15:58:00,2078277632,2078277632,894172784,1143,0,0,2,100
2018-01-01 15:59:00,2078277632,2078277632,794951192,1143,0,0,2,95
2018-01-01 16:00:00,2076180480,2076180480,695792192,1143,0,0,2,76
2018-01-01 16:01:00,2076704768,2076704768,1190664216,1143,0,0,1,43
2018-01-01 16:02:00,2077229056,2077229056,1102858616,1145,0,0,2,82
2018-01-01 16:03:00,2078801920,2078801920,1007480776,1144,0,0,2,88
2018-01-01 16:04:00,2081423360,2081423360,910738536,1144,0,0,2,98
2018-01-01 16:05:00,2057830400,2057830400,812208120,1163,0,0,2,88
2018-01-01 16:06:00,2079850496,2079850496,729746352,1189,0,0,2,74
2018-01-01 16:07:00,2019557376,2019557376,749466736,1179,1,541,2,74
2018-01-01 16:08:00,2073034752,2073034752,805128400,1102,0,0,2,69
2018-01-01 16:09:00,2075131904,2075131904,950528584,1147,0,0,2,80
2018-01-01 16:10:00,2050490368,2050490368,910999712,1110,0,0,2,86
2018-01-01 16:11:00,2042626048,2042626048,922483592,1047,0,0,2,85
2018-01-01 16:12:00,2031091712,2031091712,909688208,1051,0,0,2,88
2018-01-01 16:13:00,2022703104,2022703104,955027800,1032,0,0,2,87
2018-01-01 16:14:00,2046820352,2046820352,983953152,1002,0,0,2,85
2018-01-01 16:15:00,2048393216,2048393216,1015308528,1002,0,0,2,83
2018-01-01 16:16:00,2052587520,2052587520,1021259752,1002,0,0,2,82
2018-01-01 16:17:00,2012741632,2012741632,1007207224,1003,0,0,2,77
2018-01-01 16:18:00,2056257536,2056257536,995259616,1002,0,0,2,76
2018-01-01 16:19:00,2057306112,2057306112,966120336,1002,0,0,2,80
2018-01-01 16:20:00,2059403264,2059403264,963071976,1018,0,0,2,78
2018-01-01 16:21:00,2062024704,2062024704,939237320,1020,0,0,2,83
2018-01-01 16:22:00,2065694720,2065694720,874153768,1019,0,0,2,88
2018-01-01 16:23:00,2070413312,2070413312,904108304,1112,0,0,2,94
2018-01-01 16:24:00,2054684672,2054684672,1048369736,1144,0,0,2,94
2018-01-01 16:25:00,2068840448,2068840448,1016842040,1155,0,0,2,92
2018-01-01 16:26:00,2068840448,2068840448,955231424,1085,0,0,2,90
2018-01-01 16:27:00,2071461888,2071461888,950288416,1108,0,0,2,93
2018-01-01 16:28:00,2073559040,2073559040,893868144,1076,0,0,2,95
2018-01-01 16:29:00,2074607616,2074607616,819035312,1052,0,0,2,103
2018-01-01 16:30:00,2046820352,2046820352,729227416,1052,0,0,2,85
2018-01-01 16:31:00,2041577472,2041577472,651473720,1052,0,0,2,82
2018-01-01 16:32:00,2072510464,2072510464,581084560,1053,0,0,2,79
2018-01-01 16:33:00,2075131904,2075131904,1075222576,1060,0,0,1,42
2018-01-01 16:34:00,2078801920,2078801920,1000257312,1060,0,0,2,86
2018-01-01 16:35:00,2081423360,2081423360,913777112,1054,0,0,2,90
2018-01-01 16:36:00,2081947648,2081947648,850566624,1083,0,0,2,99
2018-01-01 16:37:00,2080899072,2080899072,741446128,1092,0,0,2,82
2018-01-01 16:38:00,2080374784,2080374784,761327720,1221,0,0,2,81
2018-01-01 16:39:00,2077229056,2077229056,796501032,1234,0,0,2,89
2018-01-01 16:40:00,2080899072,2080899072,876007952,1207,0,0,2,81
2018-01-01 16:41:00,2059403264,2059403264,854578632,1230,0,0,2,111
2018-01-01 16:42:00,2065694720,2065694720,833307840,1147,0,0,2,109
2018-01-01 16:43:00,2065694720,2065694720,882768856,1171,0,0,2,99
2018-01-01 16:44:00,2066219008,2066219008,825190880,1145,0,0,2,108
2018-01-01 16:45:00,2066219008,2066219008,782643792,1100,0,0,2,89
2018-01-01 16:46:00,2066219008,2066219008,739522456,1100,0,0,2,77
2018-01-01 16:47:00,2067267584,2067267584,688811600,1101,0,0,2,77
2018-01-01 16:48:00,2069364736,2069364736,617636648,1100,0,0,2,83
2018-01-01 16:49:00,2068316160,2068316160,1109902088,1105,0,0,1,41
2018-01-01 16:50:00,2071461888,2071461888,1061359224,1104,0,0,2,84
2018-01-01 16:51:00,2075131904,2075131904,991480344,1102,0,0,2,91
2018-01-01 16:52:00,2078801920,2078801920,922812504,1127,0,0,2,92
2018-01-01 16:53:00,2074083328,2074083328,820197480,1138,0,0,2,101
2018-01-01 16:54:00,2069364736,2069364736,835218464,1236,0,0,2,91
2018-01-01 16:55:00,2051538944,2051538944,933412456,1274,0,0,2,111
2018-01-01 16:56:00,2060976128,2060976128,1070838976,1256,0,0,2,100
2018-01-01 16:57:00,2060976128,2060976128,1033821960,1273,0,0,2,102
2018-01-01 16:58:00,2063597568,2063597568,1055430408,1207,0,0,2,95
2018-01-01 16:59:00,2066743296,2066743296,1077421520,1185,0,0,2,93
2018-01-01 17:00:00,2070413312,2070413312,1028936944,1182,0,0,2,97
2018-01-01 17:01:00,2072510464,2072510464,974037768,1146,0,0,2,98
